#
# There is insufficient memory for the Java Runtime Environment to continue.
# Native memory allocation (malloc) failed to allocate 1565616 bytes. Error detail: Chunk::new
# Possible reasons:
#   The system is out of physical RAM or swap space
#   This process is running with CompressedOops enabled, and the Java Heap may be blocking the growth of the native heap
# Possible solutions:
#   Reduce memory load on the system
#   Increase physical memory or swap space
#   Check if swap backing store is full
#   Decrease Java heap size (-Xmx/-Xms)
#   Decrease number of Java threads
#   Decrease Java thread stack sizes (-Xss)
#   Set larger code cache with -XX:ReservedCodeCacheSize=
#   JVM is running with Zero Based Compressed Oops mode in which the Java heap is
#     placed in the first 32GB address space. The Java Heap base address is the
#     maximum limit for the native heap growth. Please use -XX:HeapBaseMinAddress
#     to set the Java Heap base and to place the Java Heap above 32GB virtual address.
# This output file may be truncated or incomplete.
#
#  Out of Memory Error (arena.cpp:168), pid=34648, tid=13820
#
# JRE version: OpenJDK Runtime Environment JBR-21.0.10+1-1163.105-jcef (21.0.10+1) (build 21.0.10+1-b1163.105)
# Java VM: OpenJDK 64-Bit Server VM JBR-21.0.10+1-1163.105-jcef (21.0.10+1-b1163.105, mixed mode, sharing, tiered, compressed oops, compressed class ptrs, g1 gc, windows-amd64)
# No core dump will be written. Minidumps are not enabled by default on client versions of Windows
#

---------------  S U M M A R Y ------------

Command Line: -Dfml.modFolders=mcreator%%C:\Softwares\MCreatorWorkspaces\diddyblud\build\classes\java\main;mcreator%%C:\Softwares\MCreatorWorkspaces\diddyblud\build\resources\main --module-path=C:\\Users\\gr315083\\.mcreator\\gradle\\caches\\modules-2\\files-2.1\\net.neoforged\\JarJarFileSystems\\0.4.1\\78f59f89defcd032ed788b151ca6a0d40ace796a\\JarJarFileSystems-0.4.1.jar;C:\\Users\\gr315083\\.mcreator\\gradle\\caches\\modules-2\\files-2.1\\cpw.mods\\bootstraplauncher\\2.0.2\\1a2d076cbc33b0520cbacd591224427b2a20047d\\bootstraplauncher-2.0.2.jar;C:\\Users\\gr315083\\.mcreator\\gradle\\caches\\modules-2\\files-2.1\\cpw.mods\\securejarhandler\\3.0.8\\c0ef95cecd8699a0449053ac7d9c160748d902cd\\securejarhandler-3.0.8.jar;C:\\Users\\gr315083\\.mcreator\\gradle\\caches\\modules-2\\files-2.1\\org.ow2.asm\\asm-commons\\9.8\\36e4d212970388e5bd2c5180292012502df461bb\\asm-commons-9.8.jar;C:\\Users\\gr315083\\.mcreator\\gradle\\caches\\modules-2\\files-2.1\\org.ow2.asm\\asm-util\\9.8\\395f1c1f035258511f27bc9b2583d76e4b143f59\\asm-util-9.8.jar;C:\\Users\\gr315083\\.mcreator\\gradle\\caches\\modules-2\\files-2.1\\org.ow2.asm\\asm-analysis\\9.8\\b9747a320844b6cb1eacd90d8ecfd260a16c01d3\\asm-analysis-9.8.jar;C:\\Users\\gr315083\\.mcreator\\gradle\\caches\\modules-2\\files-2.1\\org.ow2.asm\\asm-tree\\9.8\\18419ca5b77a2f81097c741e7872e6ab8d2f40d\\asm-tree-9.8.jar;C:\\Users\\gr315083\\.mcreator\\gradle\\caches\\modules-2\\files-2.1\\org.ow2.asm\\asm\\9.8\\dc19ecb3f7889b7860697215cae99c0f9b6f6b4b\\asm-9.8.jar --add-modules=ALL-MODULE-PATH --add-opens=java.base/java.util.jar=cpw.mods.securejarhandler --add-opens=java.base/java.lang.invoke=cpw.mods.securejarhandler --add-exports=java.base/sun.security.util=cpw.mods.securejarhandler --add-exports=jdk.naming.dns/com.sun.jndi.dns=java.naming -Dcom.sun.management.jmxremote.port=1099 -Dcom.sun.management.jmxremote.local.only=true -Dcom.sun.management.jmxremote.ssl=false -Dcom.sun.management.jmxremote.authenticate=false -Dlog4j2.configurationFile=C:\\Softwares\\MCreatorWorkspaces\\diddyblud\\build\\moddev\\clientLog4j2.xml -Djava.net.preferIPv6Addresses=system -DignoreList=mixinextras-neoforge-0.4.1.jar,client-extra,neoforge- -DlegacyClassPath.file=C:\\Softwares\\MCreatorWorkspaces\\diddyblud\\build\\moddev\\clientLegacyClasspath.txt -Dneoforge.enableGameTest=true -Dforge.logging.markers=REGISTRIES -Dfile.encoding=UTF-8 -Duser.country=US -Duser.language=en -Duser.variant net.neoforged.devlaunch.Main @C:\\Softwares\\MCreatorWorkspaces\\diddyblud\\build\\moddev\\clientRunProgramArgs.txt

Host: AMD Ryzen 3 7335U with Radeon Graphics         , 8 cores, 14G,  Windows 11 , 64 bit Build 26100 (10.0.26100.8246)
Time: Wed May 20 10:33:47 2026 FLE Daylight Time elapsed time: 315.536950 seconds (0d 0h 5m 15s)

---------------  T H R E A D  ---------------

Current thread (0x0000026fc7590070):  JavaThread "C2 CompilerThread0" daemon [_thread_in_native, id=13820, stack(0x000000c6db200000,0x000000c6db300000) (1024K)]


Current CompileTask:
C2:315537 40138   !   4       net.minecraft.client.Minecraft::tick (870 bytes)

Stack: [0x000000c6db200000,0x000000c6db300000]
Native frames: (J=compiled Java code, j=interpreted, Vv=VM code, C=native code)
V  [jvm.dll+0x6ecf49]
V  [jvm.dll+0x8cbe73]
V  [jvm.dll+0x8ce49e]
V  [jvm.dll+0x8ceb83]
V  [jvm.dll+0x28b776]
V  [jvm.dll+0xc6f3d]
V  [jvm.dll+0xc7473]
V  [jvm.dll+0x3c8621]
V  [jvm.dll+0x394047]
V  [jvm.dll+0x3934ba]
V  [jvm.dll+0x252712]
V  [jvm.dll+0x251ce1]
V  [jvm.dll+0x1ceea4]
V  [jvm.dll+0x26157e]
V  [jvm.dll+0x25fac6]
V  [jvm.dll+0x403a4e]
V  [jvm.dll+0x874d68]
V  [jvm.dll+0x6eb6cd]
C  [ucrtbase.dll+0x37b0]
C  [KERNEL32.DLL+0x2e8d7]
C  [ntdll.dll+0x8c3fc]


---------------  P R O C E S S  ---------------

Threads class SMR info:
_java_thread_list=0x000002700fdd7800, length=40, elements={
0x0000026fac95fc80, 0x0000026fc7579ae0, 0x0000026fc757d8e0, 0x0000026fc757fb60,
0x0000026fc75820b0, 0x0000026fc7583640, 0x0000026fc7586a60, 0x0000026fc758ab10,
0x0000026fc7590070, 0x0000026fc7591c00, 0x0000026fc7a7b820, 0x000002700e6df5a0,
0x000002700e6dfc10, 0x000002700eafd040, 0x000002700e5eccf0, 0x000002700e8d4370,
0x000002700e6bb130, 0x000002700f3617d0, 0x000002700f3624f0, 0x000002700f3638a0,
0x000002701983d0b0, 0x000002701983afe0, 0x000002701983bd00, 0x000002701983ddd0,
0x000002701983e460, 0x000002701f07b410, 0x0000027019840bc0, 0x0000027019841250,
0x000002701f7ed8f0, 0x000002701f7edf80, 0x0000026fc776e2a0, 0x000002701983fea0,
0x000002701983b670, 0x000002701983a2c0, 0x0000026fc776f650, 0x0000026fc776efc0,
0x0000026fc776d580, 0x000002701fb67720, 0x000002701f081680, 0x0000026fc776cef0
}

Java Threads: ( => current thread )
  0x0000026fac95fc80 JavaThread "Render thread"                     [_thread_in_native, id=27128, stack(0x000000c6da300000,0x000000c6da400000) (1024K)]
  0x0000026fc7579ae0 JavaThread "Common-Cleaner"             daemon [_thread_blocked, id=9120, stack(0x000000c6dab00000,0x000000c6dac00000) (1024K)]
  0x0000026fc757d8e0 JavaThread "Reference Handler"          daemon [_thread_blocked, id=34420, stack(0x000000c6dac00000,0x000000c6dad00000) (1024K)]
  0x0000026fc757fb60 JavaThread "Finalizer"                  daemon [_thread_blocked, id=36988, stack(0x000000c6dad00000,0x000000c6dae00000) (1024K)]
  0x0000026fc75820b0 JavaThread "Signal Dispatcher"          daemon [_thread_blocked, id=33532, stack(0x000000c6dae00000,0x000000c6daf00000) (1024K)]
  0x0000026fc7583640 JavaThread "Attach Listener"            daemon [_thread_blocked, id=29700, stack(0x000000c6daf00000,0x000000c6db000000) (1024K)]
  0x0000026fc7586a60 JavaThread "Service Thread"             daemon [_thread_blocked, id=33824, stack(0x000000c6db000000,0x000000c6db100000) (1024K)]
  0x0000026fc758ab10 JavaThread "Monitor Deflation Thread"   daemon [_thread_blocked, id=15480, stack(0x000000c6db100000,0x000000c6db200000) (1024K)]
=>0x0000026fc7590070 JavaThread "C2 CompilerThread0"         daemon [_thread_in_native, id=13820, stack(0x000000c6db200000,0x000000c6db300000) (1024K)]
  0x0000026fc7591c00 JavaThread "C1 CompilerThread0"         daemon [_thread_blocked, id=26828, stack(0x000000c6db300000,0x000000c6db400000) (1024K)]
  0x0000026fc7a7b820 JavaThread "Notification Thread"        daemon [_thread_blocked, id=21892, stack(0x000000c6db500000,0x000000c6db600000) (1024K)]
  0x000002700e6df5a0 JavaThread "RMI TCP Accept-0"           daemon [_thread_in_native, id=31524, stack(0x000000c6db700000,0x000000c6db800000) (1024K)]
  0x000002700e6dfc10 JavaThread "RMI TCP Accept-1099"        daemon [_thread_in_native, id=28340, stack(0x000000c6db800000,0x000000c6db900000) (1024K)]
  0x000002700eafd040 JavaThread "RMI TCP Accept-0"           daemon [_thread_in_native, id=36200, stack(0x000000c6db900000,0x000000c6dba00000) (1024K)]
  0x000002700e5eccf0 JavaThread "RMI Scheduler(0)"           daemon [_thread_blocked, id=29872, stack(0x000000c6dc100000,0x000000c6dc200000) (1024K)]
  0x000002700e8d4370 JavaThread "RMI TCP Connection(2)-fe80:0:0:0:7cd6:dba1:4f49:4f55%18" daemon [_thread_in_native, id=38884, stack(0x000000c6dc200000,0x000000c6dc300000) (1024K)]
  0x000002700e6bb130 JavaThread "JMX server connection timeout 35" daemon [_thread_blocked, id=32800, stack(0x000000c6dc300000,0x000000c6dc400000) (1024K)]
  0x000002700f3617d0 JavaThread "JNA Cleaner"                daemon [_thread_blocked, id=25716, stack(0x000000c6ddd00000,0x000000c6dde00000) (1024K)]
  0x000002700f3624f0 JavaThread "Timer hack thread"          daemon [_thread_blocked, id=11832, stack(0x000000c6ddc00000,0x000000c6ddd00000) (1024K)]
  0x000002700f3638a0 JavaThread "Yggdrasil Key Fetcher"      daemon [_thread_blocked, id=4500, stack(0x000000c6ddf00000,0x000000c6de000000) (1024K)]
  0x000002701983d0b0 JavaThread "modloading-sync-worker"     daemon [_thread_blocked, id=36736, stack(0x000000c6de300000,0x000000c6de400000) (1024K)]
  0x000002701983afe0 JavaThread "FileSystemWatchService"     daemon [_thread_in_native, id=31756, stack(0x000000c6dd400000,0x000000c6dd500000) (1024K)]
  0x000002701983bd00 JavaThread "config-file-watcher-0-0"    daemon [_thread_blocked, id=12924, stack(0x000000c6dd500000,0x000000c6dd600000) (1024K)]
  0x000002701983ddd0 JavaThread "Worker-Main-1"              daemon [_thread_blocked, id=12632, stack(0x000000c6de900000,0x000000c6dea00000) (1024K)]
  0x000002701983e460 JavaThread "Worker-Main-2"              daemon [_thread_blocked, id=9208, stack(0x000000c6dea00000,0x000000c6deb00000) (1024K)]
  0x000002701f07b410 JavaThread "IO-Worker-1"                       [_thread_blocked, id=36924, stack(0x000000c6df100000,0x000000c6df200000) (1024K)]
  0x0000027019840bc0 JavaThread "Worker-Main-8"              daemon [_thread_blocked, id=25652, stack(0x000000c6db600000,0x000000c6db700000) (1024K)]
  0x0000027019841250 JavaThread "Worker-Main-9"              daemon [_thread_blocked, id=19596, stack(0x000000c6dc500000,0x000000c6dc600000) (1024K)]
  0x000002701f7ed8f0 JavaThread "Worker-Main-10"             daemon [_thread_blocked, id=11192, stack(0x000000c6dc600000,0x000000c6dc700000) (1024K)]
  0x000002701f7edf80 JavaThread "Worker-Main-11"             daemon [_thread_blocked, id=25264, stack(0x000000c6dc700000,0x000000c6dc800000) (1024K)]
  0x0000026fc776e2a0 JavaThread "Worker-Main-12"             daemon [_thread_blocked, id=34968, stack(0x000000c6dc800000,0x000000c6dc900000) (1024K)]
  0x000002701983fea0 JavaThread "Server thread"                     [_thread_blocked, id=32420, stack(0x000000c6dc900000,0x000000c6dca00000) (1024K)]
  0x000002701983b670 JavaThread "IO-Worker-2"                       [_thread_blocked, id=11400, stack(0x000000c6da100000,0x000000c6da200000) (1024K)]
  0x000002701983a2c0 JavaThread "IO-Worker-4"                       [_thread_blocked, id=8808, stack(0x000000c6dcd00000,0x000000c6dce00000) (1024K)]
  0x0000026fc776f650 JavaThread "Netty Server IO #0"         daemon [_thread_in_native, id=13132, stack(0x000000c6dcf00000,0x000000c6dd000000) (1024K)]
  0x0000026fc776efc0 JavaThread "Netty Local Client IO #0"   daemon [_thread_blocked, id=18276, stack(0x000000c6dd700000,0x000000c6dd800000) (1024K)]
  0x0000026fc776d580 JavaThread "Netty Server IO #1"         daemon [_thread_in_native, id=26948, stack(0x000000c6dd800000,0x000000c6dd900000) (1024K)]
  0x000002701fb67720 JavaThread "Download-4"                 daemon [_thread_blocked, id=30856, stack(0x000000c6dd900000,0x000000c6dda00000) (1024K)]
  0x000002701f081680 JavaThread "IO-Worker-5"                       [_thread_blocked, id=37348, stack(0x000000c6dda00000,0x000000c6ddb00000) (1024K)]
  0x0000026fc776cef0 JavaThread "Sound engine"               daemon [_thread_blocked, id=25152, stack(0x000000c6dde00000,0x000000c6ddf00000) (1024K)]
Total: 40

Other Threads:
  0x0000026fc755de30 VMThread "VM Thread"                           [id=11272, stack(0x000000c6daa00000,0x000000c6dab00000) (1024K)]
  0x0000026fc754aeb0 WatcherThread "VM Periodic Task Thread"        [id=340, stack(0x000000c6da900000,0x000000c6daa00000) (1024K)]
  0x0000026fac9c1bf0 WorkerThread "GC Thread#0"                     [id=34768, stack(0x000000c6da400000,0x000000c6da500000) (1024K)]
  0x0000026fc755e940 WorkerThread "GC Thread#1"                     [id=23544, stack(0x000000c6dba00000,0x000000c6dbb00000) (1024K)]
  0x0000026fc755f0a0 WorkerThread "GC Thread#2"                     [id=29136, stack(0x000000c6dbb00000,0x000000c6dbc00000) (1024K)]
  0x0000026fc755e1e0 WorkerThread "GC Thread#3"                     [id=37944, stack(0x000000c6dbc00000,0x000000c6dbd00000) (1024K)]
  0x0000026fc755da80 WorkerThread "GC Thread#4"                     [id=38736, stack(0x000000c6dbd00000,0x000000c6dbe00000) (1024K)]
  0x0000026fc755e590 WorkerThread "GC Thread#5"                     [id=25328, stack(0x000000c6dbe00000,0x000000c6dbf00000) (1024K)]
  0x0000026fc755ecf0 WorkerThread "GC Thread#6"                     [id=12756, stack(0x000000c6dbf00000,0x000000c6dc000000) (1024K)]
  0x0000026fc755d6d0 WorkerThread "GC Thread#7"                     [id=16716, stack(0x000000c6dc000000,0x000000c6dc100000) (1024K)]
  0x0000026fac9d4500 ConcurrentGCThread "G1 Main Marker"            [id=28788, stack(0x000000c6da500000,0x000000c6da600000) (1024K)]
  0x0000026fac9d75d0 WorkerThread "G1 Conc#0"                       [id=38792, stack(0x000000c6da600000,0x000000c6da700000) (1024K)]
  0x000002700e733be0 WorkerThread "G1 Conc#1"                       [id=37508, stack(0x000000c6dd600000,0x000000c6dd700000) (1024K)]
  0x0000026fc7415220 ConcurrentGCThread "G1 Refine#0"               [id=17400, stack(0x000000c6da700000,0x000000c6da800000) (1024K)]
  0x0000026fc7416a60 ConcurrentGCThread "G1 Service"                [id=33508, stack(0x000000c6da800000,0x000000c6da900000) (1024K)]
Total: 15

Threads with active compile tasks:
C2 CompilerThread0  315789 40138   !   4       net.minecraft.client.Minecraft::tick (870 bytes)
Total: 1

VM state: not at safepoint (normal execution)

VM Mutex/Monitor currently owned by a thread: None

Heap address: 0x0000000713800000, size: 3784 MB, Compressed Oops mode: Zero based, Oop shift amount: 3

CDS archive(s) mapped at: [0x0000026fc8000000-0x0000026fc9c20000-0x0000026fc9c20000), size 29491200, SharedBaseAddress: 0x0000026fc8000000, ArchiveRelocationMode: 1.
Compressed class space mapped at: 0x0000026fca000000-0x000002700a000000, reserved size: 1073741824
Narrow klass base: 0x0000026fc8000000, Narrow klass shift: 0, Narrow klass range: 0x100000000

GC Precious Log:
 CardTable entry size: 512
 Card Set container configuration: InlinePtr #cards 4 size 8 Array Of Cards #cards 16 size 48 Howl #buckets 8 coarsen threshold 3686 Howl Bitmap #cards 512 size 80 coarsen threshold 460 Card regions per heap region 1 cards per card region 4096
 CPUs: 8 total, 8 available
 Memory: 15134M
 Large Page Support: Disabled
 NUMA Support: Disabled
 Compressed Oops: Enabled (Zero based)
 Heap Region Size: 2M
 Heap Min Capacity: 8M
 Heap Initial Capacity: 238M
 Heap Max Capacity: 3784M
 Pre-touch: Disabled
 Parallel Workers: 8
 Concurrent Workers: 2
 Concurrent Refinement Workers: 8
 Periodic GC: Disabled

Heap:
 garbage-first heap   total 997376K, used 936896K [0x0000000713800000, 0x0000000800000000)
  region size 2048K, 214 young (438272K), 13 survivors (26624K)
 Metaspace       used 137842K, committed 139456K, reserved 1179648K
  class space    used 21693K, committed 22400K, reserved 1048576K

Heap Regions: E=young(eden), S=young(survivor), O=old, HS=humongous(starts), HC=humongous(continues), CS=collection set, F=free, TAMS=top-at-mark-start, PB=parsable bottom
|   0|0x0000000713800000, 0x0000000713a00000, 0x0000000713a00000|100%|HS|  |TAMS 0x0000000713800000| PB 0x0000000713800000| Complete 
|   1|0x0000000713a00000, 0x0000000713c00000, 0x0000000713c00000|100%|HS|  |TAMS 0x0000000713a00000| PB 0x0000000713a00000| Complete 
|   2|0x0000000713c00000, 0x0000000713e00000, 0x0000000713e00000|100%|HS|  |TAMS 0x0000000713c00000| PB 0x0000000713c00000| Complete 
|   3|0x0000000713e00000, 0x0000000714000000, 0x0000000714000000|100%| O|  |TAMS 0x0000000713e00000| PB 0x0000000713e00000| Untracked 
|   4|0x0000000714000000, 0x0000000714200000, 0x0000000714200000|100%| O|  |TAMS 0x0000000714000000| PB 0x0000000714000000| Untracked 
|   5|0x0000000714200000, 0x0000000714400000, 0x0000000714400000|100%|HS|  |TAMS 0x0000000714200000| PB 0x0000000714200000| Complete 
|   6|0x0000000714400000, 0x0000000714600000, 0x0000000714600000|100%| O|  |TAMS 0x0000000714400000| PB 0x0000000714400000| Untracked 
|   7|0x0000000714600000, 0x0000000714800000, 0x0000000714800000|100%| O|  |TAMS 0x0000000714600000| PB 0x0000000714600000| Untracked 
|   8|0x0000000714800000, 0x0000000714a00000, 0x0000000714a00000|100%|HS|  |TAMS 0x0000000714800000| PB 0x0000000714800000| Complete 
|   9|0x0000000714a00000, 0x0000000714c00000, 0x0000000714c00000|100%|HS|  |TAMS 0x0000000714a00000| PB 0x0000000714a00000| Complete 
|  10|0x0000000714c00000, 0x0000000714e00000, 0x0000000714e00000|100%|HS|  |TAMS 0x0000000714c00000| PB 0x0000000714c00000| Complete 
|  11|0x0000000714e00000, 0x0000000715000000, 0x0000000715000000|100%|HS|  |TAMS 0x0000000714e00000| PB 0x0000000714e00000| Complete 
|  12|0x0000000715000000, 0x0000000715200000, 0x0000000715200000|100%| O|  |TAMS 0x0000000715000000| PB 0x0000000715000000| Untracked 
|  13|0x0000000715200000, 0x0000000715400000, 0x0000000715400000|100%| O|  |TAMS 0x0000000715200000| PB 0x0000000715200000| Untracked 
|  14|0x0000000715400000, 0x0000000715600000, 0x0000000715600000|100%| O|  |TAMS 0x0000000715400000| PB 0x0000000715400000| Untracked 
|  15|0x0000000715600000, 0x0000000715800000, 0x0000000715800000|100%| O|  |TAMS 0x0000000715600000| PB 0x0000000715600000| Untracked 
|  16|0x0000000715800000, 0x0000000715a00000, 0x0000000715a00000|100%| O|  |TAMS 0x0000000715800000| PB 0x0000000715800000| Untracked 
|  17|0x0000000715a00000, 0x0000000715c00000, 0x0000000715c00000|100%| O|  |TAMS 0x0000000715a00000| PB 0x0000000715a00000| Untracked 
|  18|0x0000000715c00000, 0x0000000715e00000, 0x0000000715e00000|100%| O|  |TAMS 0x0000000715c00000| PB 0x0000000715c00000| Untracked 
|  19|0x0000000715e00000, 0x0000000716000000, 0x0000000716000000|100%| O|  |TAMS 0x0000000715e00000| PB 0x0000000715e00000| Untracked 
|  20|0x0000000716000000, 0x0000000716200000, 0x0000000716200000|100%| O|  |TAMS 0x0000000716000000| PB 0x0000000716000000| Untracked 
|  21|0x0000000716200000, 0x0000000716400000, 0x0000000716400000|100%| O|  |TAMS 0x0000000716200000| PB 0x0000000716200000| Untracked 
|  22|0x0000000716400000, 0x0000000716600000, 0x0000000716600000|100%| O|  |TAMS 0x0000000716400000| PB 0x0000000716400000| Untracked 
|  23|0x0000000716600000, 0x0000000716800000, 0x0000000716800000|100%| O|  |TAMS 0x0000000716600000| PB 0x0000000716600000| Untracked 
|  24|0x0000000716800000, 0x0000000716a00000, 0x0000000716a00000|100%| O|  |TAMS 0x0000000716800000| PB 0x0000000716800000| Untracked 
|  25|0x0000000716a00000, 0x0000000716c00000, 0x0000000716c00000|100%| O|  |TAMS 0x0000000716a00000| PB 0x0000000716a00000| Untracked 
|  26|0x0000000716c00000, 0x0000000716e00000, 0x0000000716e00000|100%| O|  |TAMS 0x0000000716c00000| PB 0x0000000716c00000| Untracked 
|  27|0x0000000716e00000, 0x0000000717000000, 0x0000000717000000|100%| O|  |TAMS 0x0000000716e00000| PB 0x0000000716e00000| Untracked 
|  28|0x0000000717000000, 0x0000000717200000, 0x0000000717200000|100%| O|  |TAMS 0x0000000717000000| PB 0x0000000717000000| Untracked 
|  29|0x0000000717200000, 0x0000000717400000, 0x0000000717400000|100%| O|  |TAMS 0x0000000717200000| PB 0x0000000717200000| Untracked 
|  30|0x0000000717400000, 0x0000000717600000, 0x0000000717600000|100%| O|  |TAMS 0x0000000717400000| PB 0x0000000717400000| Untracked 
|  31|0x0000000717600000, 0x0000000717800000, 0x0000000717800000|100%| O|  |TAMS 0x0000000717600000| PB 0x0000000717600000| Untracked 
|  32|0x0000000717800000, 0x0000000717a00000, 0x0000000717a00000|100%| O|  |TAMS 0x0000000717800000| PB 0x0000000717800000| Untracked 
|  33|0x0000000717a00000, 0x0000000717c00000, 0x0000000717c00000|100%| O|  |TAMS 0x0000000717a00000| PB 0x0000000717a00000| Untracked 
|  34|0x0000000717c00000, 0x0000000717e00000, 0x0000000717e00000|100%| O|  |TAMS 0x0000000717c00000| PB 0x0000000717c00000| Untracked 
|  35|0x0000000717e00000, 0x0000000718000000, 0x0000000718000000|100%|HS|  |TAMS 0x0000000717e00000| PB 0x0000000717e00000| Complete 
|  36|0x0000000718000000, 0x0000000718200000, 0x0000000718200000|100%|HC|  |TAMS 0x0000000718000000| PB 0x0000000718000000| Complete 
|  37|0x0000000718200000, 0x0000000718400000, 0x0000000718400000|100%|HC|  |TAMS 0x0000000718200000| PB 0x0000000718200000| Complete 
|  38|0x0000000718400000, 0x0000000718600000, 0x0000000718600000|100%|HC|  |TAMS 0x0000000718400000| PB 0x0000000718400000| Complete 
|  39|0x0000000718600000, 0x0000000718800000, 0x0000000718800000|100%|HC|  |TAMS 0x0000000718600000| PB 0x0000000718600000| Complete 
|  40|0x0000000718800000, 0x0000000718a00000, 0x0000000718a00000|100%|HC|  |TAMS 0x0000000718800000| PB 0x0000000718800000| Complete 
|  41|0x0000000718a00000, 0x0000000718c00000, 0x0000000718c00000|100%| O|  |TAMS 0x0000000718a00000| PB 0x0000000718a00000| Untracked 
|  42|0x0000000718c00000, 0x0000000718e00000, 0x0000000718e00000|100%| O|  |TAMS 0x0000000718c00000| PB 0x0000000718c00000| Untracked 
|  43|0x0000000718e00000, 0x0000000719000000, 0x0000000719000000|100%| O|  |TAMS 0x0000000718e00000| PB 0x0000000718e00000| Untracked 
|  44|0x0000000719000000, 0x0000000719200000, 0x0000000719200000|100%| O|  |TAMS 0x0000000719000000| PB 0x0000000719000000| Untracked 
|  45|0x0000000719200000, 0x0000000719400000, 0x0000000719400000|100%| O|  |TAMS 0x0000000719200000| PB 0x0000000719200000| Untracked 
|  46|0x0000000719400000, 0x0000000719600000, 0x0000000719600000|100%| O|  |TAMS 0x0000000719400000| PB 0x0000000719400000| Untracked 
|  47|0x0000000719600000, 0x0000000719800000, 0x0000000719800000|100%| O|  |TAMS 0x0000000719600000| PB 0x0000000719600000| Untracked 
|  48|0x0000000719800000, 0x0000000719a00000, 0x0000000719a00000|100%| O|  |TAMS 0x0000000719800000| PB 0x0000000719800000| Untracked 
|  49|0x0000000719a00000, 0x0000000719c00000, 0x0000000719c00000|100%| O|  |TAMS 0x0000000719a00000| PB 0x0000000719a00000| Untracked 
|  50|0x0000000719c00000, 0x0000000719e00000, 0x0000000719e00000|100%| O|  |TAMS 0x0000000719c00000| PB 0x0000000719c00000| Untracked 
|  51|0x0000000719e00000, 0x000000071a000000, 0x000000071a000000|100%| O|  |TAMS 0x0000000719e00000| PB 0x0000000719e00000| Untracked 
|  52|0x000000071a000000, 0x000000071a200000, 0x000000071a200000|100%| O|  |TAMS 0x000000071a000000| PB 0x000000071a000000| Untracked 
|  53|0x000000071a200000, 0x000000071a400000, 0x000000071a400000|100%| O|  |TAMS 0x000000071a200000| PB 0x000000071a200000| Untracked 
|  54|0x000000071a400000, 0x000000071a600000, 0x000000071a600000|100%| O|  |TAMS 0x000000071a400000| PB 0x000000071a400000| Untracked 
|  55|0x000000071a600000, 0x000000071a800000, 0x000000071a800000|100%| O|  |TAMS 0x000000071a600000| PB 0x000000071a600000| Untracked 
|  56|0x000000071a800000, 0x000000071aa00000, 0x000000071aa00000|100%| O|  |TAMS 0x000000071a800000| PB 0x000000071a800000| Untracked 
|  57|0x000000071aa00000, 0x000000071ac00000, 0x000000071ac00000|100%| O|  |TAMS 0x000000071aa00000| PB 0x000000071aa00000| Untracked 
|  58|0x000000071ac00000, 0x000000071ae00000, 0x000000071ae00000|100%| O|  |TAMS 0x000000071ac00000| PB 0x000000071ac00000| Untracked 
|  59|0x000000071ae00000, 0x000000071b000000, 0x000000071b000000|100%| O|  |TAMS 0x000000071ae00000| PB 0x000000071ae00000| Untracked 
|  60|0x000000071b000000, 0x000000071b200000, 0x000000071b200000|100%| O|  |TAMS 0x000000071b000000| PB 0x000000071b000000| Untracked 
|  61|0x000000071b200000, 0x000000071b400000, 0x000000071b400000|100%| O|  |TAMS 0x000000071b200000| PB 0x000000071b200000| Untracked 
|  62|0x000000071b400000, 0x000000071b600000, 0x000000071b600000|100%| O|  |TAMS 0x000000071b400000| PB 0x000000071b400000| Untracked 
|  63|0x000000071b600000, 0x000000071b800000, 0x000000071b800000|100%| O|  |TAMS 0x000000071b600000| PB 0x000000071b600000| Untracked 
|  64|0x000000071b800000, 0x000000071ba00000, 0x000000071ba00000|100%| O|  |TAMS 0x000000071b800000| PB 0x000000071b800000| Untracked 
|  65|0x000000071ba00000, 0x000000071bc00000, 0x000000071bc00000|100%| O|  |TAMS 0x000000071ba00000| PB 0x000000071ba00000| Untracked 
|  66|0x000000071bc00000, 0x000000071be00000, 0x000000071be00000|100%| O|  |TAMS 0x000000071bc00000| PB 0x000000071bc00000| Untracked 
|  67|0x000000071be00000, 0x000000071c000000, 0x000000071c000000|100%| O|  |TAMS 0x000000071be00000| PB 0x000000071be00000| Untracked 
|  68|0x000000071c000000, 0x000000071c200000, 0x000000071c200000|100%| O|  |TAMS 0x000000071c000000| PB 0x000000071c000000| Untracked 
|  69|0x000000071c200000, 0x000000071c400000, 0x000000071c400000|100%| O|  |TAMS 0x000000071c200000| PB 0x000000071c200000| Untracked 
|  70|0x000000071c400000, 0x000000071c600000, 0x000000071c600000|100%| O|  |TAMS 0x000000071c400000| PB 0x000000071c400000| Untracked 
|  71|0x000000071c600000, 0x000000071c800000, 0x000000071c800000|100%| O|  |TAMS 0x000000071c600000| PB 0x000000071c600000| Untracked 
|  72|0x000000071c800000, 0x000000071ca00000, 0x000000071ca00000|100%| O|  |TAMS 0x000000071c800000| PB 0x000000071c800000| Untracked 
|  73|0x000000071ca00000, 0x000000071cc00000, 0x000000071cc00000|100%| O|  |TAMS 0x000000071ca00000| PB 0x000000071ca00000| Untracked 
|  74|0x000000071cc00000, 0x000000071ce00000, 0x000000071ce00000|100%| O|  |TAMS 0x000000071cc00000| PB 0x000000071cc00000| Untracked 
|  75|0x000000071ce00000, 0x000000071d000000, 0x000000071d000000|100%| O|  |TAMS 0x000000071ce00000| PB 0x000000071ce00000| Untracked 
|  76|0x000000071d000000, 0x000000071d200000, 0x000000071d200000|100%| O|  |TAMS 0x000000071d000000| PB 0x000000071d000000| Untracked 
|  77|0x000000071d200000, 0x000000071d400000, 0x000000071d400000|100%| O|  |TAMS 0x000000071d200000| PB 0x000000071d200000| Untracked 
|  78|0x000000071d400000, 0x000000071d600000, 0x000000071d600000|100%| O|  |TAMS 0x000000071d400000| PB 0x000000071d400000| Untracked 
|  79|0x000000071d600000, 0x000000071d800000, 0x000000071d800000|100%| O|  |TAMS 0x000000071d600000| PB 0x000000071d600000| Untracked 
|  80|0x000000071d800000, 0x000000071da00000, 0x000000071da00000|100%| O|  |TAMS 0x000000071d800000| PB 0x000000071d800000| Untracked 
|  81|0x000000071da00000, 0x000000071dc00000, 0x000000071dc00000|100%| O|  |TAMS 0x000000071da00000| PB 0x000000071da00000| Untracked 
|  82|0x000000071dc00000, 0x000000071de00000, 0x000000071de00000|100%| O|  |TAMS 0x000000071dc00000| PB 0x000000071dc00000| Untracked 
|  83|0x000000071de00000, 0x000000071e000000, 0x000000071e000000|100%| O|  |TAMS 0x000000071de00000| PB 0x000000071de00000| Untracked 
|  84|0x000000071e000000, 0x000000071e200000, 0x000000071e200000|100%| O|  |TAMS 0x000000071e000000| PB 0x000000071e000000| Untracked 
|  85|0x000000071e200000, 0x000000071e400000, 0x000000071e400000|100%| O|  |TAMS 0x000000071e200000| PB 0x000000071e200000| Untracked 
|  86|0x000000071e400000, 0x000000071e600000, 0x000000071e600000|100%| O|  |TAMS 0x000000071e400000| PB 0x000000071e400000| Untracked 
|  87|0x000000071e600000, 0x000000071e800000, 0x000000071e800000|100%| O|  |TAMS 0x000000071e600000| PB 0x000000071e600000| Untracked 
|  88|0x000000071e800000, 0x000000071ea00000, 0x000000071ea00000|100%| O|Cm|TAMS 0x000000071e800000| PB 0x000000071e800000| Complete 
|  89|0x000000071ea00000, 0x000000071ec00000, 0x000000071ec00000|100%| O|  |TAMS 0x000000071ea00000| PB 0x000000071ea00000| Untracked 
|  90|0x000000071ec00000, 0x000000071ee00000, 0x000000071ee00000|100%| O|  |TAMS 0x000000071ec00000| PB 0x000000071ec00000| Untracked 
|  91|0x000000071ee00000, 0x000000071f000000, 0x000000071f000000|100%| O|  |TAMS 0x000000071ee00000| PB 0x000000071ee00000| Untracked 
|  92|0x000000071f000000, 0x000000071f200000, 0x000000071f200000|100%| O|  |TAMS 0x000000071f000000| PB 0x000000071f000000| Untracked 
|  93|0x000000071f200000, 0x000000071f400000, 0x000000071f400000|100%| O|  |TAMS 0x000000071f200000| PB 0x000000071f200000| Untracked 
|  94|0x000000071f400000, 0x000000071f600000, 0x000000071f600000|100%| O|  |TAMS 0x000000071f400000| PB 0x000000071f400000| Untracked 
|  95|0x000000071f600000, 0x000000071f800000, 0x000000071f800000|100%| O|  |TAMS 0x000000071f600000| PB 0x000000071f600000| Untracked 
|  96|0x000000071f800000, 0x000000071fa00000, 0x000000071fa00000|100%| O|  |TAMS 0x000000071f800000| PB 0x000000071f800000| Untracked 
|  97|0x000000071fa00000, 0x000000071fc00000, 0x000000071fc00000|100%| O|  |TAMS 0x000000071fa00000| PB 0x000000071fa00000| Untracked 
|  98|0x000000071fc00000, 0x000000071fe00000, 0x000000071fe00000|100%| O|  |TAMS 0x000000071fc00000| PB 0x000000071fc00000| Untracked 
|  99|0x000000071fe00000, 0x0000000720000000, 0x0000000720000000|100%| O|  |TAMS 0x000000071fe00000| PB 0x000000071fe00000| Untracked 
| 100|0x0000000720000000, 0x0000000720200000, 0x0000000720200000|100%| O|  |TAMS 0x0000000720000000| PB 0x0000000720000000| Untracked 
| 101|0x0000000720200000, 0x0000000720400000, 0x0000000720400000|100%| O|  |TAMS 0x0000000720200000| PB 0x0000000720200000| Untracked 
| 102|0x0000000720400000, 0x0000000720600000, 0x0000000720600000|100%| O|  |TAMS 0x0000000720400000| PB 0x0000000720400000| Untracked 
| 103|0x0000000720600000, 0x0000000720800000, 0x0000000720800000|100%| O|  |TAMS 0x0000000720600000| PB 0x0000000720600000| Untracked 
| 104|0x0000000720800000, 0x0000000720a00000, 0x0000000720a00000|100%| O|  |TAMS 0x0000000720800000| PB 0x0000000720800000| Untracked 
| 105|0x0000000720a00000, 0x0000000720c00000, 0x0000000720c00000|100%| O|  |TAMS 0x0000000720a00000| PB 0x0000000720a00000| Untracked 
| 106|0x0000000720c00000, 0x0000000720e00000, 0x0000000720e00000|100%| O|  |TAMS 0x0000000720c00000| PB 0x0000000720c00000| Untracked 
| 107|0x0000000720e00000, 0x0000000721000000, 0x0000000721000000|100%| O|  |TAMS 0x0000000720e00000| PB 0x0000000720e00000| Untracked 
| 108|0x0000000721000000, 0x0000000721200000, 0x0000000721200000|100%| O|  |TAMS 0x0000000721000000| PB 0x0000000721000000| Untracked 
| 109|0x0000000721200000, 0x0000000721400000, 0x0000000721400000|100%| O|  |TAMS 0x0000000721200000| PB 0x0000000721200000| Untracked 
| 110|0x0000000721400000, 0x0000000721600000, 0x0000000721600000|100%| O|  |TAMS 0x0000000721400000| PB 0x0000000721400000| Untracked 
| 111|0x0000000721600000, 0x0000000721800000, 0x0000000721800000|100%| O|  |TAMS 0x0000000721600000| PB 0x0000000721600000| Untracked 
| 112|0x0000000721800000, 0x0000000721a00000, 0x0000000721a00000|100%| O|  |TAMS 0x0000000721800000| PB 0x0000000721800000| Untracked 
| 113|0x0000000721a00000, 0x0000000721c00000, 0x0000000721c00000|100%| O|  |TAMS 0x0000000721a00000| PB 0x0000000721a00000| Untracked 
| 114|0x0000000721c00000, 0x0000000721e00000, 0x0000000721e00000|100%| O|  |TAMS 0x0000000721c00000| PB 0x0000000721c00000| Untracked 
| 115|0x0000000721e00000, 0x0000000722000000, 0x0000000722000000|100%| O|  |TAMS 0x0000000721e00000| PB 0x0000000721e00000| Untracked 
| 116|0x0000000722000000, 0x0000000722200000, 0x0000000722200000|100%| O|  |TAMS 0x0000000722000000| PB 0x0000000722000000| Untracked 
| 117|0x0000000722200000, 0x0000000722400000, 0x0000000722400000|100%| O|  |TAMS 0x0000000722200000| PB 0x0000000722200000| Untracked 
| 118|0x0000000722400000, 0x0000000722600000, 0x0000000722600000|100%| O|  |TAMS 0x0000000722400000| PB 0x0000000722400000| Untracked 
| 119|0x0000000722600000, 0x0000000722800000, 0x0000000722800000|100%| O|  |TAMS 0x0000000722600000| PB 0x0000000722600000| Untracked 
| 120|0x0000000722800000, 0x0000000722a00000, 0x0000000722a00000|100%| O|  |TAMS 0x0000000722800000| PB 0x0000000722800000| Untracked 
| 121|0x0000000722a00000, 0x0000000722c00000, 0x0000000722c00000|100%| O|  |TAMS 0x0000000722a00000| PB 0x0000000722a00000| Untracked 
| 122|0x0000000722c00000, 0x0000000722e00000, 0x0000000722e00000|100%| O|  |TAMS 0x0000000722c00000| PB 0x0000000722c00000| Untracked 
| 123|0x0000000722e00000, 0x0000000723000000, 0x0000000723000000|100%| O|  |TAMS 0x0000000722e00000| PB 0x0000000722e00000| Untracked 
| 124|0x0000000723000000, 0x0000000723200000, 0x0000000723200000|100%| O|  |TAMS 0x0000000723000000| PB 0x0000000723000000| Untracked 
| 125|0x0000000723200000, 0x0000000723400000, 0x0000000723400000|100%| O|  |TAMS 0x0000000723200000| PB 0x0000000723200000| Untracked 
| 126|0x0000000723400000, 0x0000000723600000, 0x0000000723600000|100%| O|  |TAMS 0x0000000723400000| PB 0x0000000723400000| Untracked 
| 127|0x0000000723600000, 0x0000000723800000, 0x0000000723800000|100%| O|  |TAMS 0x0000000723600000| PB 0x0000000723600000| Untracked 
| 128|0x0000000723800000, 0x0000000723a00000, 0x0000000723a00000|100%| O|  |TAMS 0x0000000723800000| PB 0x0000000723800000| Untracked 
| 129|0x0000000723a00000, 0x0000000723c00000, 0x0000000723c00000|100%| O|  |TAMS 0x0000000723a00000| PB 0x0000000723a00000| Untracked 
| 130|0x0000000723c00000, 0x0000000723e00000, 0x0000000723e00000|100%| O|  |TAMS 0x0000000723c00000| PB 0x0000000723c00000| Untracked 
| 131|0x0000000723e00000, 0x0000000724000000, 0x0000000724000000|100%| O|  |TAMS 0x0000000723e00000| PB 0x0000000723e00000| Untracked 
| 132|0x0000000724000000, 0x0000000724200000, 0x0000000724200000|100%| O|  |TAMS 0x0000000724000000| PB 0x0000000724000000| Untracked 
| 133|0x0000000724200000, 0x0000000724400000, 0x0000000724400000|100%| O|  |TAMS 0x0000000724200000| PB 0x0000000724200000| Untracked 
| 134|0x0000000724400000, 0x0000000724600000, 0x0000000724600000|100%| O|  |TAMS 0x0000000724400000| PB 0x0000000724400000| Untracked 
| 135|0x0000000724600000, 0x0000000724800000, 0x0000000724800000|100%| O|  |TAMS 0x0000000724600000| PB 0x0000000724600000| Untracked 
| 136|0x0000000724800000, 0x0000000724a00000, 0x0000000724a00000|100%| O|  |TAMS 0x0000000724800000| PB 0x0000000724800000| Untracked 
| 137|0x0000000724a00000, 0x0000000724c00000, 0x0000000724c00000|100%| O|  |TAMS 0x0000000724a00000| PB 0x0000000724a00000| Untracked 
| 138|0x0000000724c00000, 0x0000000724e00000, 0x0000000724e00000|100%| O|  |TAMS 0x0000000724c00000| PB 0x0000000724c00000| Untracked 
| 139|0x0000000724e00000, 0x0000000725000000, 0x0000000725000000|100%| O|  |TAMS 0x0000000724e00000| PB 0x0000000724e00000| Untracked 
| 140|0x0000000725000000, 0x0000000725200000, 0x0000000725200000|100%| O|  |TAMS 0x0000000725000000| PB 0x0000000725000000| Untracked 
| 141|0x0000000725200000, 0x0000000725400000, 0x0000000725400000|100%| O|  |TAMS 0x0000000725200000| PB 0x0000000725200000| Untracked 
| 142|0x0000000725400000, 0x0000000725600000, 0x0000000725600000|100%| O|  |TAMS 0x0000000725400000| PB 0x0000000725400000| Untracked 
| 143|0x0000000725600000, 0x0000000725800000, 0x0000000725800000|100%| O|  |TAMS 0x0000000725600000| PB 0x0000000725600000| Untracked 
| 144|0x0000000725800000, 0x0000000725a00000, 0x0000000725a00000|100%| O|  |TAMS 0x0000000725800000| PB 0x0000000725800000| Untracked 
| 145|0x0000000725a00000, 0x0000000725c00000, 0x0000000725c00000|100%|HS|  |TAMS 0x0000000725a00000| PB 0x0000000725a00000| Complete 
| 146|0x0000000725c00000, 0x0000000725e00000, 0x0000000725e00000|100%|HC|  |TAMS 0x0000000725c00000| PB 0x0000000725c00000| Complete 
| 147|0x0000000725e00000, 0x0000000726000000, 0x0000000726000000|100%|HC|  |TAMS 0x0000000725e00000| PB 0x0000000725e00000| Complete 
| 148|0x0000000726000000, 0x0000000726200000, 0x0000000726200000|100%| O|  |TAMS 0x0000000726000000| PB 0x0000000726000000| Untracked 
| 149|0x0000000726200000, 0x0000000726400000, 0x0000000726400000|100%| O|  |TAMS 0x0000000726200000| PB 0x0000000726200000| Untracked 
| 150|0x0000000726400000, 0x0000000726400000, 0x0000000726600000|  0%| F|  |TAMS 0x0000000726400000| PB 0x0000000726400000| Untracked 
| 151|0x0000000726600000, 0x0000000726600000, 0x0000000726800000|  0%| F|  |TAMS 0x0000000726600000| PB 0x0000000726600000| Untracked 
| 152|0x0000000726800000, 0x0000000726a00000, 0x0000000726a00000|100%| O|  |TAMS 0x0000000726800000| PB 0x0000000726800000| Untracked 
| 153|0x0000000726a00000, 0x0000000726c00000, 0x0000000726c00000|100%| O|  |TAMS 0x0000000726a00000| PB 0x0000000726a00000| Untracked 
| 154|0x0000000726c00000, 0x0000000726e00000, 0x0000000726e00000|100%| O|  |TAMS 0x0000000726c00000| PB 0x0000000726c00000| Untracked 
| 155|0x0000000726e00000, 0x0000000727000000, 0x0000000727000000|100%| O|  |TAMS 0x0000000726e00000| PB 0x0000000726e00000| Untracked 
| 156|0x0000000727000000, 0x0000000727000000, 0x0000000727200000|  0%| F|  |TAMS 0x0000000727000000| PB 0x0000000727000000| Untracked 
| 157|0x0000000727200000, 0x0000000727400000, 0x0000000727400000|100%|HS|  |TAMS 0x0000000727200000| PB 0x0000000727200000| Complete 
| 158|0x0000000727400000, 0x0000000727600000, 0x0000000727600000|100%|HC|  |TAMS 0x0000000727400000| PB 0x0000000727400000| Complete 
| 159|0x0000000727600000, 0x0000000727800000, 0x0000000727800000|100%|HC|  |TAMS 0x0000000727600000| PB 0x0000000727600000| Complete 
| 160|0x0000000727800000, 0x0000000727a00000, 0x0000000727a00000|100%| O|  |TAMS 0x0000000727800000| PB 0x0000000727800000| Untracked 
| 161|0x0000000727a00000, 0x0000000727c00000, 0x0000000727c00000|100%| O|  |TAMS 0x0000000727a00000| PB 0x0000000727a00000| Untracked 
| 162|0x0000000727c00000, 0x0000000727e00000, 0x0000000727e00000|100%| O|  |TAMS 0x0000000727c00000| PB 0x0000000727c00000| Untracked 
| 163|0x0000000727e00000, 0x0000000728000000, 0x0000000728000000|100%| O|  |TAMS 0x0000000727e00000| PB 0x0000000727e00000| Untracked 
| 164|0x0000000728000000, 0x0000000728200000, 0x0000000728200000|100%| O|  |TAMS 0x0000000728000000| PB 0x0000000728000000| Untracked 
| 165|0x0000000728200000, 0x0000000728400000, 0x0000000728400000|100%| O|  |TAMS 0x0000000728200000| PB 0x0000000728200000| Untracked 
| 166|0x0000000728400000, 0x0000000728600000, 0x0000000728600000|100%| O|  |TAMS 0x0000000728400000| PB 0x0000000728400000| Untracked 
| 167|0x0000000728600000, 0x0000000728600000, 0x0000000728800000|  0%| F|  |TAMS 0x0000000728600000| PB 0x0000000728600000| Untracked 
| 168|0x0000000728800000, 0x0000000728a00000, 0x0000000728a00000|100%| O|  |TAMS 0x0000000728800000| PB 0x0000000728800000| Untracked 
| 169|0x0000000728a00000, 0x0000000728c00000, 0x0000000728c00000|100%| O|  |TAMS 0x0000000728a00000| PB 0x0000000728a00000| Untracked 
| 170|0x0000000728c00000, 0x0000000728e00000, 0x0000000728e00000|100%| O|Cm|TAMS 0x0000000728c00000| PB 0x0000000728c00000| Complete 
| 171|0x0000000728e00000, 0x0000000729000000, 0x0000000729000000|100%| O|  |TAMS 0x0000000728e00000| PB 0x0000000728e00000| Untracked 
| 172|0x0000000729000000, 0x0000000729200000, 0x0000000729200000|100%| O|  |TAMS 0x0000000729000000| PB 0x0000000729000000| Untracked 
| 173|0x0000000729200000, 0x0000000729400000, 0x0000000729400000|100%| O|  |TAMS 0x0000000729200000| PB 0x0000000729200000| Untracked 
| 174|0x0000000729400000, 0x0000000729600000, 0x0000000729600000|100%| O|Cm|TAMS 0x0000000729400000| PB 0x0000000729400000| Complete 
| 175|0x0000000729600000, 0x0000000729600000, 0x0000000729800000|  0%| F|  |TAMS 0x0000000729600000| PB 0x0000000729600000| Untracked 
| 176|0x0000000729800000, 0x0000000729a00000, 0x0000000729a00000|100%| O|  |TAMS 0x0000000729800000| PB 0x0000000729800000| Untracked 
| 177|0x0000000729a00000, 0x0000000729a00000, 0x0000000729c00000|  0%| F|  |TAMS 0x0000000729a00000| PB 0x0000000729a00000| Untracked 
| 178|0x0000000729c00000, 0x0000000729e00000, 0x0000000729e00000|100%| O|  |TAMS 0x0000000729c00000| PB 0x0000000729c00000| Untracked 
| 179|0x0000000729e00000, 0x000000072a000000, 0x000000072a000000|100%| O|  |TAMS 0x0000000729e00000| PB 0x0000000729e00000| Untracked 
| 180|0x000000072a000000, 0x000000072a200000, 0x000000072a200000|100%| O|  |TAMS 0x000000072a000000| PB 0x000000072a000000| Untracked 
| 181|0x000000072a200000, 0x000000072a400000, 0x000000072a400000|100%| O|  |TAMS 0x000000072a200000| PB 0x000000072a200000| Untracked 
| 182|0x000000072a400000, 0x000000072a600000, 0x000000072a600000|100%| O|  |TAMS 0x000000072a400000| PB 0x000000072a400000| Untracked 
| 183|0x000000072a600000, 0x000000072a800000, 0x000000072a800000|100%| O|Cm|TAMS 0x000000072a600000| PB 0x000000072a600000| Complete 
| 184|0x000000072a800000, 0x000000072aa00000, 0x000000072aa00000|100%| O|  |TAMS 0x000000072a800000| PB 0x000000072a800000| Untracked 
| 185|0x000000072aa00000, 0x000000072ac00000, 0x000000072ac00000|100%| O|  |TAMS 0x000000072aa00000| PB 0x000000072aa00000| Untracked 
| 186|0x000000072ac00000, 0x000000072ae00000, 0x000000072ae00000|100%| O|  |TAMS 0x000000072ac00000| PB 0x000000072ac00000| Untracked 
| 187|0x000000072ae00000, 0x000000072b000000, 0x000000072b000000|100%| O|  |TAMS 0x000000072ae00000| PB 0x000000072ae00000| Untracked 
| 188|0x000000072b000000, 0x000000072b200000, 0x000000072b200000|100%| O|  |TAMS 0x000000072b000000| PB 0x000000072b000000| Untracked 
| 189|0x000000072b200000, 0x000000072b400000, 0x000000072b400000|100%| O|  |TAMS 0x000000072b200000| PB 0x000000072b200000| Untracked 
| 190|0x000000072b400000, 0x000000072b600000, 0x000000072b600000|100%| O|  |TAMS 0x000000072b400000| PB 0x000000072b400000| Untracked 
| 191|0x000000072b600000, 0x000000072b800000, 0x000000072b800000|100%| O|  |TAMS 0x000000072b600000| PB 0x000000072b600000| Untracked 
| 192|0x000000072b800000, 0x000000072ba00000, 0x000000072ba00000|100%| O|  |TAMS 0x000000072b800000| PB 0x000000072b800000| Untracked 
| 193|0x000000072ba00000, 0x000000072bc00000, 0x000000072bc00000|100%| O|  |TAMS 0x000000072ba00000| PB 0x000000072ba00000| Untracked 
| 194|0x000000072bc00000, 0x000000072be00000, 0x000000072be00000|100%| O|  |TAMS 0x000000072bc00000| PB 0x000000072bc00000| Untracked 
| 195|0x000000072be00000, 0x000000072c000000, 0x000000072c000000|100%| O|  |TAMS 0x000000072be00000| PB 0x000000072be00000| Untracked 
| 196|0x000000072c000000, 0x000000072c200000, 0x000000072c200000|100%| O|  |TAMS 0x000000072c000000| PB 0x000000072c000000| Untracked 
| 197|0x000000072c200000, 0x000000072c400000, 0x000000072c400000|100%| O|  |TAMS 0x000000072c200000| PB 0x000000072c200000| Untracked 
| 198|0x000000072c400000, 0x000000072c600000, 0x000000072c600000|100%| O|  |TAMS 0x000000072c400000| PB 0x000000072c400000| Untracked 
| 199|0x000000072c600000, 0x000000072c800000, 0x000000072c800000|100%| O|  |TAMS 0x000000072c600000| PB 0x000000072c600000| Untracked 
| 200|0x000000072c800000, 0x000000072c85b200, 0x000000072ca00000| 17%| O|  |TAMS 0x000000072c800000| PB 0x000000072c800000| Untracked 
| 201|0x000000072ca00000, 0x000000072cc00000, 0x000000072cc00000|100%| O|  |TAMS 0x000000072ca00000| PB 0x000000072ca00000| Untracked 
| 202|0x000000072cc00000, 0x000000072ce00000, 0x000000072ce00000|100%| O|Cm|TAMS 0x000000072cc00000| PB 0x000000072cc00000| Complete 
| 203|0x000000072ce00000, 0x000000072d000000, 0x000000072d000000|100%| O|Cm|TAMS 0x000000072ce00000| PB 0x000000072ce00000| Complete 
| 204|0x000000072d000000, 0x000000072d000000, 0x000000072d200000|  0%| F|  |TAMS 0x000000072d000000| PB 0x000000072d000000| Untracked 
| 205|0x000000072d200000, 0x000000072d200000, 0x000000072d400000|  0%| F|  |TAMS 0x000000072d200000| PB 0x000000072d200000| Untracked 
| 206|0x000000072d400000, 0x000000072d600000, 0x000000072d600000|100%| O|  |TAMS 0x000000072d400000| PB 0x000000072d400000| Untracked 
| 207|0x000000072d600000, 0x000000072d600000, 0x000000072d800000|  0%| F|  |TAMS 0x000000072d600000| PB 0x000000072d600000| Untracked 
| 208|0x000000072d800000, 0x000000072da00000, 0x000000072da00000|100%| O|  |TAMS 0x000000072d800000| PB 0x000000072d800000| Untracked 
| 209|0x000000072da00000, 0x000000072dc00000, 0x000000072dc00000|100%| O|  |TAMS 0x000000072da00000| PB 0x000000072da00000| Untracked 
| 210|0x000000072dc00000, 0x000000072de00000, 0x000000072de00000|100%| O|  |TAMS 0x000000072dc00000| PB 0x000000072dc00000| Untracked 
| 211|0x000000072de00000, 0x000000072e000000, 0x000000072e000000|100%| O|  |TAMS 0x000000072de00000| PB 0x000000072de00000| Untracked 
| 212|0x000000072e000000, 0x000000072e200000, 0x000000072e200000|100%| O|  |TAMS 0x000000072e000000| PB 0x000000072e000000| Untracked 
| 213|0x000000072e200000, 0x000000072e400000, 0x000000072e400000|100%| O|  |TAMS 0x000000072e200000| PB 0x000000072e200000| Untracked 
| 214|0x000000072e400000, 0x000000072e600000, 0x000000072e600000|100%| O|  |TAMS 0x000000072e400000| PB 0x000000072e400000| Untracked 
| 215|0x000000072e600000, 0x000000072e800000, 0x000000072e800000|100%| O|  |TAMS 0x000000072e600000| PB 0x000000072e600000| Untracked 
| 216|0x000000072e800000, 0x000000072ea00000, 0x000000072ea00000|100%| O|Cm|TAMS 0x000000072e800000| PB 0x000000072e800000| Complete 
| 217|0x000000072ea00000, 0x000000072ec00000, 0x000000072ec00000|100%| O|  |TAMS 0x000000072ea00000| PB 0x000000072ea00000| Untracked 
| 218|0x000000072ec00000, 0x000000072ee00000, 0x000000072ee00000|100%| O|  |TAMS 0x000000072ec00000| PB 0x000000072ec00000| Untracked 
| 219|0x000000072ee00000, 0x000000072f000000, 0x000000072f000000|100%| O|  |TAMS 0x000000072ee00000| PB 0x000000072ee00000| Untracked 
| 220|0x000000072f000000, 0x000000072f200000, 0x000000072f200000|100%| O|  |TAMS 0x000000072f000000| PB 0x000000072f000000| Untracked 
| 221|0x000000072f200000, 0x000000072f400000, 0x000000072f400000|100%| O|  |TAMS 0x000000072f200000| PB 0x000000072f200000| Untracked 
| 222|0x000000072f400000, 0x000000072f600000, 0x000000072f600000|100%| O|  |TAMS 0x000000072f400000| PB 0x000000072f400000| Untracked 
| 223|0x000000072f600000, 0x000000072f800000, 0x000000072f800000|100%| O|  |TAMS 0x000000072f600000| PB 0x000000072f600000| Untracked 
| 224|0x000000072f800000, 0x000000072fa00000, 0x000000072fa00000|100%| O|  |TAMS 0x000000072f800000| PB 0x000000072f800000| Untracked 
| 225|0x000000072fa00000, 0x000000072fc00000, 0x000000072fc00000|100%| O|  |TAMS 0x000000072fa00000| PB 0x000000072fa00000| Untracked 
| 226|0x000000072fc00000, 0x000000072fc00000, 0x000000072fe00000|  0%| F|  |TAMS 0x000000072fc00000| PB 0x000000072fc00000| Untracked 
| 227|0x000000072fe00000, 0x0000000730000000, 0x0000000730000000|100%| O|  |TAMS 0x000000072fe00000| PB 0x000000072fe00000| Untracked 
| 228|0x0000000730000000, 0x0000000730200000, 0x0000000730200000|100%| O|  |TAMS 0x0000000730000000| PB 0x0000000730000000| Untracked 
| 229|0x0000000730200000, 0x0000000730400000, 0x0000000730400000|100%| O|  |TAMS 0x0000000730200000| PB 0x0000000730200000| Untracked 
| 230|0x0000000730400000, 0x0000000730400000, 0x0000000730600000|  0%| F|  |TAMS 0x0000000730400000| PB 0x0000000730400000| Untracked 
| 231|0x0000000730600000, 0x0000000730800000, 0x0000000730800000|100%| O|  |TAMS 0x0000000730600000| PB 0x0000000730600000| Untracked 
| 232|0x0000000730800000, 0x0000000730a00000, 0x0000000730a00000|100%| O|  |TAMS 0x0000000730800000| PB 0x0000000730800000| Untracked 
| 233|0x0000000730a00000, 0x0000000730c00000, 0x0000000730c00000|100%| O|  |TAMS 0x0000000730a00000| PB 0x0000000730a00000| Untracked 
| 234|0x0000000730c00000, 0x0000000730e00000, 0x0000000730e00000|100%| O|  |TAMS 0x0000000730c00000| PB 0x0000000730c00000| Untracked 
| 235|0x0000000730e00000, 0x0000000731000000, 0x0000000731000000|100%| O|  |TAMS 0x0000000730e00000| PB 0x0000000730e00000| Untracked 
| 236|0x0000000731000000, 0x0000000731200000, 0x0000000731200000|100%| O|  |TAMS 0x0000000731000000| PB 0x0000000731000000| Untracked 
| 237|0x0000000731200000, 0x0000000731400000, 0x0000000731400000|100%| O|  |TAMS 0x0000000731200000| PB 0x0000000731200000| Untracked 
| 238|0x0000000731400000, 0x0000000731600000, 0x0000000731600000|100%| O|Cm|TAMS 0x0000000731400000| PB 0x0000000731400000| Complete 
| 239|0x0000000731600000, 0x0000000731600000, 0x0000000731800000|  0%| F|  |TAMS 0x0000000731600000| PB 0x0000000731600000| Untracked 
| 240|0x0000000731800000, 0x0000000731894fe0, 0x0000000731a00000| 29%| S|CS|TAMS 0x0000000731800000| PB 0x0000000731800000| Complete 
| 241|0x0000000731a00000, 0x0000000731c00000, 0x0000000731c00000|100%| S|CS|TAMS 0x0000000731a00000| PB 0x0000000731a00000| Complete 
| 242|0x0000000731c00000, 0x0000000731e00000, 0x0000000731e00000|100%| S|CS|TAMS 0x0000000731c00000| PB 0x0000000731c00000| Complete 
| 243|0x0000000731e00000, 0x0000000731e00000, 0x0000000732000000|  0%| F|  |TAMS 0x0000000731e00000| PB 0x0000000731e00000| Untracked 
| 244|0x0000000732000000, 0x0000000732200000, 0x0000000732200000|100%| S|CS|TAMS 0x0000000732000000| PB 0x0000000732000000| Complete 
| 245|0x0000000732200000, 0x0000000732200000, 0x0000000732400000|  0%| F|  |TAMS 0x0000000732200000| PB 0x0000000732200000| Untracked 
| 246|0x0000000732400000, 0x0000000732400000, 0x0000000732600000|  0%| F|  |TAMS 0x0000000732400000| PB 0x0000000732400000| Untracked 
| 247|0x0000000732600000, 0x0000000732600000, 0x0000000732800000|  0%| F|  |TAMS 0x0000000732600000| PB 0x0000000732600000| Untracked 
| 248|0x0000000732800000, 0x0000000732800000, 0x0000000732a00000|  0%| F|  |TAMS 0x0000000732800000| PB 0x0000000732800000| Untracked 
| 249|0x0000000732a00000, 0x0000000732a00000, 0x0000000732c00000|  0%| F|  |TAMS 0x0000000732a00000| PB 0x0000000732a00000| Untracked 
| 250|0x0000000732c00000, 0x0000000732c00000, 0x0000000732e00000|  0%| F|  |TAMS 0x0000000732c00000| PB 0x0000000732c00000| Untracked 
| 251|0x0000000732e00000, 0x0000000732e00000, 0x0000000733000000|  0%| F|  |TAMS 0x0000000732e00000| PB 0x0000000732e00000| Untracked 
| 252|0x0000000733000000, 0x0000000733200000, 0x0000000733200000|100%| S|CS|TAMS 0x0000000733000000| PB 0x0000000733000000| Complete 
| 253|0x0000000733200000, 0x0000000733400000, 0x0000000733400000|100%| S|CS|TAMS 0x0000000733200000| PB 0x0000000733200000| Complete 
| 254|0x0000000733400000, 0x0000000733600000, 0x0000000733600000|100%| S|CS|TAMS 0x0000000733400000| PB 0x0000000733400000| Complete 
| 255|0x0000000733600000, 0x0000000733800000, 0x0000000733800000|100%| S|CS|TAMS 0x0000000733600000| PB 0x0000000733600000| Complete 
| 256|0x0000000733800000, 0x0000000733a00000, 0x0000000733a00000|100%| S|CS|TAMS 0x0000000733800000| PB 0x0000000733800000| Complete 
| 257|0x0000000733a00000, 0x0000000733c00000, 0x0000000733c00000|100%| S|CS|TAMS 0x0000000733a00000| PB 0x0000000733a00000| Complete 
| 258|0x0000000733c00000, 0x0000000733e00000, 0x0000000733e00000|100%| S|CS|TAMS 0x0000000733c00000| PB 0x0000000733c00000| Complete 
| 259|0x0000000733e00000, 0x0000000734000000, 0x0000000734000000|100%| S|CS|TAMS 0x0000000733e00000| PB 0x0000000733e00000| Complete 
| 260|0x0000000734000000, 0x0000000734000000, 0x0000000734200000|  0%| F|  |TAMS 0x0000000734000000| PB 0x0000000734000000| Untracked 
| 261|0x0000000734200000, 0x0000000734200000, 0x0000000734400000|  0%| F|  |TAMS 0x0000000734200000| PB 0x0000000734200000| Untracked 
| 262|0x0000000734400000, 0x0000000734400000, 0x0000000734600000|  0%| F|  |TAMS 0x0000000734400000| PB 0x0000000734400000| Untracked 
| 263|0x0000000734600000, 0x0000000734800000, 0x0000000734800000|100%| S|CS|TAMS 0x0000000734600000| PB 0x0000000734600000| Complete 
| 264|0x0000000734800000, 0x0000000734800000, 0x0000000734a00000|  0%| F|  |TAMS 0x0000000734800000| PB 0x0000000734800000| Untracked 
| 265|0x0000000734a00000, 0x0000000734a00000, 0x0000000734c00000|  0%| F|  |TAMS 0x0000000734a00000| PB 0x0000000734a00000| Untracked 
| 266|0x0000000734c00000, 0x0000000734c00000, 0x0000000734e00000|  0%| F|  |TAMS 0x0000000734c00000| PB 0x0000000734c00000| Untracked 
| 267|0x0000000734e00000, 0x0000000734f010e8, 0x0000000735000000| 50%| E|  |TAMS 0x0000000734e00000| PB 0x0000000734e00000| Complete 
| 268|0x0000000735000000, 0x0000000735200000, 0x0000000735200000|100%| E|CS|TAMS 0x0000000735000000| PB 0x0000000735000000| Complete 
| 269|0x0000000735200000, 0x0000000735400000, 0x0000000735400000|100%| E|CS|TAMS 0x0000000735200000| PB 0x0000000735200000| Complete 
| 270|0x0000000735400000, 0x0000000735600000, 0x0000000735600000|100%| E|CS|TAMS 0x0000000735400000| PB 0x0000000735400000| Complete 
| 271|0x0000000735600000, 0x0000000735800000, 0x0000000735800000|100%| E|CS|TAMS 0x0000000735600000| PB 0x0000000735600000| Complete 
| 272|0x0000000735800000, 0x0000000735a00000, 0x0000000735a00000|100%| E|CS|TAMS 0x0000000735800000| PB 0x0000000735800000| Complete 
| 273|0x0000000735a00000, 0x0000000735c00000, 0x0000000735c00000|100%| E|CS|TAMS 0x0000000735a00000| PB 0x0000000735a00000| Complete 
| 274|0x0000000735c00000, 0x0000000735e00000, 0x0000000735e00000|100%| E|CS|TAMS 0x0000000735c00000| PB 0x0000000735c00000| Complete 
| 275|0x0000000735e00000, 0x0000000736000000, 0x0000000736000000|100%| E|CS|TAMS 0x0000000735e00000| PB 0x0000000735e00000| Complete 
| 276|0x0000000736000000, 0x0000000736200000, 0x0000000736200000|100%| E|CS|TAMS 0x0000000736000000| PB 0x0000000736000000| Complete 
| 277|0x0000000736200000, 0x0000000736400000, 0x0000000736400000|100%| E|CS|TAMS 0x0000000736200000| PB 0x0000000736200000| Complete 
| 278|0x0000000736400000, 0x0000000736600000, 0x0000000736600000|100%| E|CS|TAMS 0x0000000736400000| PB 0x0000000736400000| Complete 
| 279|0x0000000736600000, 0x0000000736800000, 0x0000000736800000|100%| E|CS|TAMS 0x0000000736600000| PB 0x0000000736600000| Complete 
| 280|0x0000000736800000, 0x0000000736a00000, 0x0000000736a00000|100%| E|CS|TAMS 0x0000000736800000| PB 0x0000000736800000| Complete 
| 281|0x0000000736a00000, 0x0000000736c00000, 0x0000000736c00000|100%| E|CS|TAMS 0x0000000736a00000| PB 0x0000000736a00000| Complete 
| 282|0x0000000736c00000, 0x0000000736e00000, 0x0000000736e00000|100%| E|CS|TAMS 0x0000000736c00000| PB 0x0000000736c00000| Complete 
| 283|0x0000000736e00000, 0x0000000737000000, 0x0000000737000000|100%| E|CS|TAMS 0x0000000736e00000| PB 0x0000000736e00000| Complete 
| 284|0x0000000737000000, 0x0000000737200000, 0x0000000737200000|100%| E|CS|TAMS 0x0000000737000000| PB 0x0000000737000000| Complete 
| 285|0x0000000737200000, 0x0000000737400000, 0x0000000737400000|100%| E|CS|TAMS 0x0000000737200000| PB 0x0000000737200000| Complete 
| 286|0x0000000737400000, 0x0000000737600000, 0x0000000737600000|100%| E|CS|TAMS 0x0000000737400000| PB 0x0000000737400000| Complete 
| 287|0x0000000737600000, 0x0000000737800000, 0x0000000737800000|100%| E|CS|TAMS 0x0000000737600000| PB 0x0000000737600000| Complete 
| 288|0x0000000737800000, 0x0000000737a00000, 0x0000000737a00000|100%| E|CS|TAMS 0x0000000737800000| PB 0x0000000737800000| Complete 
| 289|0x0000000737a00000, 0x0000000737c00000, 0x0000000737c00000|100%| E|CS|TAMS 0x0000000737a00000| PB 0x0000000737a00000| Complete 
| 290|0x0000000737c00000, 0x0000000737e00000, 0x0000000737e00000|100%| E|CS|TAMS 0x0000000737c00000| PB 0x0000000737c00000| Complete 
| 291|0x0000000737e00000, 0x0000000738000000, 0x0000000738000000|100%| E|CS|TAMS 0x0000000737e00000| PB 0x0000000737e00000| Complete 
| 292|0x0000000738000000, 0x0000000738200000, 0x0000000738200000|100%| E|CS|TAMS 0x0000000738000000| PB 0x0000000738000000| Complete 
| 293|0x0000000738200000, 0x0000000738400000, 0x0000000738400000|100%| E|CS|TAMS 0x0000000738200000| PB 0x0000000738200000| Complete 
| 294|0x0000000738400000, 0x0000000738600000, 0x0000000738600000|100%| E|CS|TAMS 0x0000000738400000| PB 0x0000000738400000| Complete 
| 295|0x0000000738600000, 0x0000000738800000, 0x0000000738800000|100%| E|CS|TAMS 0x0000000738600000| PB 0x0000000738600000| Complete 
| 296|0x0000000738800000, 0x0000000738a00000, 0x0000000738a00000|100%| E|CS|TAMS 0x0000000738800000| PB 0x0000000738800000| Complete 
| 297|0x0000000738a00000, 0x0000000738c00000, 0x0000000738c00000|100%| E|CS|TAMS 0x0000000738a00000| PB 0x0000000738a00000| Complete 
| 298|0x0000000738c00000, 0x0000000738e00000, 0x0000000738e00000|100%| E|CS|TAMS 0x0000000738c00000| PB 0x0000000738c00000| Complete 
| 299|0x0000000738e00000, 0x0000000739000000, 0x0000000739000000|100%| E|CS|TAMS 0x0000000738e00000| PB 0x0000000738e00000| Complete 
| 300|0x0000000739000000, 0x0000000739200000, 0x0000000739200000|100%| E|CS|TAMS 0x0000000739000000| PB 0x0000000739000000| Complete 
| 301|0x0000000739200000, 0x0000000739400000, 0x0000000739400000|100%| E|CS|TAMS 0x0000000739200000| PB 0x0000000739200000| Complete 
| 302|0x0000000739400000, 0x0000000739600000, 0x0000000739600000|100%| E|CS|TAMS 0x0000000739400000| PB 0x0000000739400000| Complete 
| 303|0x0000000739600000, 0x0000000739800000, 0x0000000739800000|100%| E|CS|TAMS 0x0000000739600000| PB 0x0000000739600000| Complete 
| 304|0x0000000739800000, 0x0000000739a00000, 0x0000000739a00000|100%| E|CS|TAMS 0x0000000739800000| PB 0x0000000739800000| Complete 
| 305|0x0000000739a00000, 0x0000000739c00000, 0x0000000739c00000|100%| E|CS|TAMS 0x0000000739a00000| PB 0x0000000739a00000| Complete 
| 306|0x0000000739c00000, 0x0000000739e00000, 0x0000000739e00000|100%| E|CS|TAMS 0x0000000739c00000| PB 0x0000000739c00000| Complete 
| 307|0x0000000739e00000, 0x000000073a000000, 0x000000073a000000|100%| E|CS|TAMS 0x0000000739e00000| PB 0x0000000739e00000| Complete 
| 308|0x000000073a000000, 0x000000073a200000, 0x000000073a200000|100%| E|CS|TAMS 0x000000073a000000| PB 0x000000073a000000| Complete 
| 309|0x000000073a200000, 0x000000073a400000, 0x000000073a400000|100%| E|CS|TAMS 0x000000073a200000| PB 0x000000073a200000| Complete 
| 310|0x000000073a400000, 0x000000073a600000, 0x000000073a600000|100%| E|CS|TAMS 0x000000073a400000| PB 0x000000073a400000| Complete 
| 311|0x000000073a600000, 0x000000073a800000, 0x000000073a800000|100%| E|CS|TAMS 0x000000073a600000| PB 0x000000073a600000| Complete 
| 312|0x000000073a800000, 0x000000073aa00000, 0x000000073aa00000|100%| E|CS|TAMS 0x000000073a800000| PB 0x000000073a800000| Complete 
| 313|0x000000073aa00000, 0x000000073ac00000, 0x000000073ac00000|100%| E|CS|TAMS 0x000000073aa00000| PB 0x000000073aa00000| Complete 
| 314|0x000000073ac00000, 0x000000073ae00000, 0x000000073ae00000|100%| E|CS|TAMS 0x000000073ac00000| PB 0x000000073ac00000| Complete 
| 315|0x000000073ae00000, 0x000000073b000000, 0x000000073b000000|100%| E|CS|TAMS 0x000000073ae00000| PB 0x000000073ae00000| Complete 
| 316|0x000000073b000000, 0x000000073b200000, 0x000000073b200000|100%| E|CS|TAMS 0x000000073b000000| PB 0x000000073b000000| Complete 
| 317|0x000000073b200000, 0x000000073b400000, 0x000000073b400000|100%| E|CS|TAMS 0x000000073b200000| PB 0x000000073b200000| Complete 
| 318|0x000000073b400000, 0x000000073b600000, 0x000000073b600000|100%| E|CS|TAMS 0x000000073b400000| PB 0x000000073b400000| Complete 
| 319|0x000000073b600000, 0x000000073b800000, 0x000000073b800000|100%| E|CS|TAMS 0x000000073b600000| PB 0x000000073b600000| Complete 
| 320|0x000000073b800000, 0x000000073ba00000, 0x000000073ba00000|100%| E|CS|TAMS 0x000000073b800000| PB 0x000000073b800000| Complete 
| 321|0x000000073ba00000, 0x000000073bc00000, 0x000000073bc00000|100%| E|CS|TAMS 0x000000073ba00000| PB 0x000000073ba00000| Complete 
| 322|0x000000073bc00000, 0x000000073be00000, 0x000000073be00000|100%| E|CS|TAMS 0x000000073bc00000| PB 0x000000073bc00000| Complete 
| 323|0x000000073be00000, 0x000000073c000000, 0x000000073c000000|100%| E|CS|TAMS 0x000000073be00000| PB 0x000000073be00000| Complete 
| 324|0x000000073c000000, 0x000000073c200000, 0x000000073c200000|100%| E|CS|TAMS 0x000000073c000000| PB 0x000000073c000000| Complete 
| 325|0x000000073c200000, 0x000000073c400000, 0x000000073c400000|100%| E|CS|TAMS 0x000000073c200000| PB 0x000000073c200000| Complete 
| 326|0x000000073c400000, 0x000000073c600000, 0x000000073c600000|100%| E|CS|TAMS 0x000000073c400000| PB 0x000000073c400000| Complete 
| 327|0x000000073c600000, 0x000000073c800000, 0x000000073c800000|100%| E|CS|TAMS 0x000000073c600000| PB 0x000000073c600000| Complete 
| 328|0x000000073c800000, 0x000000073ca00000, 0x000000073ca00000|100%| E|CS|TAMS 0x000000073c800000| PB 0x000000073c800000| Complete 
| 329|0x000000073ca00000, 0x000000073cc00000, 0x000000073cc00000|100%| E|CS|TAMS 0x000000073ca00000| PB 0x000000073ca00000| Complete 
| 330|0x000000073cc00000, 0x000000073ce00000, 0x000000073ce00000|100%| E|CS|TAMS 0x000000073cc00000| PB 0x000000073cc00000| Complete 
| 331|0x000000073ce00000, 0x000000073d000000, 0x000000073d000000|100%| E|CS|TAMS 0x000000073ce00000| PB 0x000000073ce00000| Complete 
| 332|0x000000073d000000, 0x000000073d200000, 0x000000073d200000|100%| E|CS|TAMS 0x000000073d000000| PB 0x000000073d000000| Complete 
| 333|0x000000073d200000, 0x000000073d400000, 0x000000073d400000|100%| E|CS|TAMS 0x000000073d200000| PB 0x000000073d200000| Complete 
| 334|0x000000073d400000, 0x000000073d600000, 0x000000073d600000|100%| E|CS|TAMS 0x000000073d400000| PB 0x000000073d400000| Complete 
| 335|0x000000073d600000, 0x000000073d800000, 0x000000073d800000|100%| E|CS|TAMS 0x000000073d600000| PB 0x000000073d600000| Complete 
| 336|0x000000073d800000, 0x000000073da00000, 0x000000073da00000|100%| E|CS|TAMS 0x000000073d800000| PB 0x000000073d800000| Complete 
| 337|0x000000073da00000, 0x000000073dc00000, 0x000000073dc00000|100%| E|CS|TAMS 0x000000073da00000| PB 0x000000073da00000| Complete 
| 338|0x000000073dc00000, 0x000000073de00000, 0x000000073de00000|100%| E|CS|TAMS 0x000000073dc00000| PB 0x000000073dc00000| Complete 
| 339|0x000000073de00000, 0x000000073e000000, 0x000000073e000000|100%| E|CS|TAMS 0x000000073de00000| PB 0x000000073de00000| Complete 
| 340|0x000000073e000000, 0x000000073e200000, 0x000000073e200000|100%| E|CS|TAMS 0x000000073e000000| PB 0x000000073e000000| Complete 
| 341|0x000000073e200000, 0x000000073e400000, 0x000000073e400000|100%| E|CS|TAMS 0x000000073e200000| PB 0x000000073e200000| Complete 
| 342|0x000000073e400000, 0x000000073e600000, 0x000000073e600000|100%| E|CS|TAMS 0x000000073e400000| PB 0x000000073e400000| Complete 
| 343|0x000000073e600000, 0x000000073e800000, 0x000000073e800000|100%| E|CS|TAMS 0x000000073e600000| PB 0x000000073e600000| Complete 
| 344|0x000000073e800000, 0x000000073ea00000, 0x000000073ea00000|100%| E|CS|TAMS 0x000000073e800000| PB 0x000000073e800000| Complete 
| 345|0x000000073ea00000, 0x000000073ec00000, 0x000000073ec00000|100%| E|CS|TAMS 0x000000073ea00000| PB 0x000000073ea00000| Complete 
| 346|0x000000073ec00000, 0x000000073ee00000, 0x000000073ee00000|100%| E|CS|TAMS 0x000000073ec00000| PB 0x000000073ec00000| Complete 
| 347|0x000000073ee00000, 0x000000073f000000, 0x000000073f000000|100%| E|CS|TAMS 0x000000073ee00000| PB 0x000000073ee00000| Complete 
| 348|0x000000073f000000, 0x000000073f200000, 0x000000073f200000|100%| E|CS|TAMS 0x000000073f000000| PB 0x000000073f000000| Complete 
| 349|0x000000073f200000, 0x000000073f400000, 0x000000073f400000|100%| E|CS|TAMS 0x000000073f200000| PB 0x000000073f200000| Complete 
| 350|0x000000073f400000, 0x000000073f600000, 0x000000073f600000|100%| E|CS|TAMS 0x000000073f400000| PB 0x000000073f400000| Complete 
| 351|0x000000073f600000, 0x000000073f800000, 0x000000073f800000|100%| E|CS|TAMS 0x000000073f600000| PB 0x000000073f600000| Complete 
| 352|0x000000073f800000, 0x000000073fa00000, 0x000000073fa00000|100%| E|CS|TAMS 0x000000073f800000| PB 0x000000073f800000| Complete 
| 353|0x000000073fa00000, 0x000000073fc00000, 0x000000073fc00000|100%| E|CS|TAMS 0x000000073fa00000| PB 0x000000073fa00000| Complete 
| 354|0x000000073fc00000, 0x000000073fe00000, 0x000000073fe00000|100%| E|CS|TAMS 0x000000073fc00000| PB 0x000000073fc00000| Complete 
| 355|0x000000073fe00000, 0x0000000740000000, 0x0000000740000000|100%| E|CS|TAMS 0x000000073fe00000| PB 0x000000073fe00000| Complete 
| 356|0x0000000740000000, 0x0000000740200000, 0x0000000740200000|100%| E|CS|TAMS 0x0000000740000000| PB 0x0000000740000000| Complete 
| 357|0x0000000740200000, 0x0000000740400000, 0x0000000740400000|100%| E|CS|TAMS 0x0000000740200000| PB 0x0000000740200000| Complete 
| 358|0x0000000740400000, 0x0000000740600000, 0x0000000740600000|100%| E|CS|TAMS 0x0000000740400000| PB 0x0000000740400000| Complete 
| 359|0x0000000740600000, 0x0000000740800000, 0x0000000740800000|100%| E|CS|TAMS 0x0000000740600000| PB 0x0000000740600000| Complete 
| 360|0x0000000740800000, 0x0000000740a00000, 0x0000000740a00000|100%| E|CS|TAMS 0x0000000740800000| PB 0x0000000740800000| Complete 
| 361|0x0000000740a00000, 0x0000000740c00000, 0x0000000740c00000|100%| E|CS|TAMS 0x0000000740a00000| PB 0x0000000740a00000| Complete 
| 362|0x0000000740c00000, 0x0000000740e00000, 0x0000000740e00000|100%| E|CS|TAMS 0x0000000740c00000| PB 0x0000000740c00000| Complete 
| 363|0x0000000740e00000, 0x0000000741000000, 0x0000000741000000|100%| E|CS|TAMS 0x0000000740e00000| PB 0x0000000740e00000| Complete 
| 364|0x0000000741000000, 0x0000000741200000, 0x0000000741200000|100%| E|CS|TAMS 0x0000000741000000| PB 0x0000000741000000| Complete 
| 365|0x0000000741200000, 0x0000000741400000, 0x0000000741400000|100%| E|CS|TAMS 0x0000000741200000| PB 0x0000000741200000| Complete 
| 366|0x0000000741400000, 0x0000000741600000, 0x0000000741600000|100%| E|CS|TAMS 0x0000000741400000| PB 0x0000000741400000| Complete 
| 367|0x0000000741600000, 0x0000000741800000, 0x0000000741800000|100%| E|CS|TAMS 0x0000000741600000| PB 0x0000000741600000| Complete 
| 368|0x0000000741800000, 0x0000000741a00000, 0x0000000741a00000|100%| E|CS|TAMS 0x0000000741800000| PB 0x0000000741800000| Complete 
| 369|0x0000000741a00000, 0x0000000741c00000, 0x0000000741c00000|100%| E|CS|TAMS 0x0000000741a00000| PB 0x0000000741a00000| Complete 
| 370|0x0000000741c00000, 0x0000000741e00000, 0x0000000741e00000|100%| E|CS|TAMS 0x0000000741c00000| PB 0x0000000741c00000| Complete 
| 371|0x0000000741e00000, 0x0000000742000000, 0x0000000742000000|100%| E|CS|TAMS 0x0000000741e00000| PB 0x0000000741e00000| Complete 
| 372|0x0000000742000000, 0x0000000742200000, 0x0000000742200000|100%| E|CS|TAMS 0x0000000742000000| PB 0x0000000742000000| Complete 
| 373|0x0000000742200000, 0x0000000742400000, 0x0000000742400000|100%| E|CS|TAMS 0x0000000742200000| PB 0x0000000742200000| Complete 
| 374|0x0000000742400000, 0x0000000742600000, 0x0000000742600000|100%| E|CS|TAMS 0x0000000742400000| PB 0x0000000742400000| Complete 
| 375|0x0000000742600000, 0x0000000742800000, 0x0000000742800000|100%| E|CS|TAMS 0x0000000742600000| PB 0x0000000742600000| Complete 
| 376|0x0000000742800000, 0x0000000742a00000, 0x0000000742a00000|100%| E|CS|TAMS 0x0000000742800000| PB 0x0000000742800000| Complete 
| 377|0x0000000742a00000, 0x0000000742c00000, 0x0000000742c00000|100%| E|CS|TAMS 0x0000000742a00000| PB 0x0000000742a00000| Complete 
| 378|0x0000000742c00000, 0x0000000742e00000, 0x0000000742e00000|100%| E|CS|TAMS 0x0000000742c00000| PB 0x0000000742c00000| Complete 
| 379|0x0000000742e00000, 0x0000000743000000, 0x0000000743000000|100%| E|CS|TAMS 0x0000000742e00000| PB 0x0000000742e00000| Complete 
| 380|0x0000000743000000, 0x0000000743200000, 0x0000000743200000|100%| E|CS|TAMS 0x0000000743000000| PB 0x0000000743000000| Complete 
| 381|0x0000000743200000, 0x0000000743400000, 0x0000000743400000|100%| E|CS|TAMS 0x0000000743200000| PB 0x0000000743200000| Complete 
| 382|0x0000000743400000, 0x0000000743600000, 0x0000000743600000|100%| E|CS|TAMS 0x0000000743400000| PB 0x0000000743400000| Complete 
| 383|0x0000000743600000, 0x0000000743800000, 0x0000000743800000|100%| E|CS|TAMS 0x0000000743600000| PB 0x0000000743600000| Complete 
| 384|0x0000000743800000, 0x0000000743a00000, 0x0000000743a00000|100%| E|CS|TAMS 0x0000000743800000| PB 0x0000000743800000| Complete 
| 385|0x0000000743a00000, 0x0000000743c00000, 0x0000000743c00000|100%| E|CS|TAMS 0x0000000743a00000| PB 0x0000000743a00000| Complete 
| 386|0x0000000743c00000, 0x0000000743e00000, 0x0000000743e00000|100%| E|CS|TAMS 0x0000000743c00000| PB 0x0000000743c00000| Complete 
| 387|0x0000000743e00000, 0x0000000744000000, 0x0000000744000000|100%| E|CS|TAMS 0x0000000743e00000| PB 0x0000000743e00000| Complete 
| 388|0x0000000744000000, 0x0000000744200000, 0x0000000744200000|100%| E|CS|TAMS 0x0000000744000000| PB 0x0000000744000000| Complete 
| 389|0x0000000744200000, 0x0000000744400000, 0x0000000744400000|100%| E|CS|TAMS 0x0000000744200000| PB 0x0000000744200000| Complete 
| 390|0x0000000744400000, 0x0000000744600000, 0x0000000744600000|100%| E|CS|TAMS 0x0000000744400000| PB 0x0000000744400000| Complete 
| 391|0x0000000744600000, 0x0000000744800000, 0x0000000744800000|100%| E|CS|TAMS 0x0000000744600000| PB 0x0000000744600000| Complete 
| 392|0x0000000744800000, 0x0000000744a00000, 0x0000000744a00000|100%| E|CS|TAMS 0x0000000744800000| PB 0x0000000744800000| Complete 
| 393|0x0000000744a00000, 0x0000000744c00000, 0x0000000744c00000|100%| E|CS|TAMS 0x0000000744a00000| PB 0x0000000744a00000| Complete 
| 394|0x0000000744c00000, 0x0000000744e00000, 0x0000000744e00000|100%| E|CS|TAMS 0x0000000744c00000| PB 0x0000000744c00000| Complete 
| 395|0x0000000744e00000, 0x0000000745000000, 0x0000000745000000|100%| E|CS|TAMS 0x0000000744e00000| PB 0x0000000744e00000| Complete 
| 396|0x0000000745000000, 0x0000000745200000, 0x0000000745200000|100%| E|CS|TAMS 0x0000000745000000| PB 0x0000000745000000| Complete 
| 397|0x0000000745200000, 0x0000000745400000, 0x0000000745400000|100%| E|CS|TAMS 0x0000000745200000| PB 0x0000000745200000| Complete 
| 398|0x0000000745400000, 0x0000000745600000, 0x0000000745600000|100%| E|CS|TAMS 0x0000000745400000| PB 0x0000000745400000| Complete 
| 399|0x0000000745600000, 0x0000000745800000, 0x0000000745800000|100%| E|CS|TAMS 0x0000000745600000| PB 0x0000000745600000| Complete 
| 400|0x0000000745800000, 0x0000000745a00000, 0x0000000745a00000|100%| E|CS|TAMS 0x0000000745800000| PB 0x0000000745800000| Complete 
| 401|0x0000000745a00000, 0x0000000745c00000, 0x0000000745c00000|100%| E|CS|TAMS 0x0000000745a00000| PB 0x0000000745a00000| Complete 
| 402|0x0000000745c00000, 0x0000000745e00000, 0x0000000745e00000|100%| E|CS|TAMS 0x0000000745c00000| PB 0x0000000745c00000| Complete 
| 403|0x0000000745e00000, 0x0000000746000000, 0x0000000746000000|100%| E|CS|TAMS 0x0000000745e00000| PB 0x0000000745e00000| Complete 
| 404|0x0000000746000000, 0x0000000746200000, 0x0000000746200000|100%| E|CS|TAMS 0x0000000746000000| PB 0x0000000746000000| Complete 
| 405|0x0000000746200000, 0x0000000746400000, 0x0000000746400000|100%| E|CS|TAMS 0x0000000746200000| PB 0x0000000746200000| Complete 
| 406|0x0000000746400000, 0x0000000746600000, 0x0000000746600000|100%| E|CS|TAMS 0x0000000746400000| PB 0x0000000746400000| Complete 
| 407|0x0000000746600000, 0x0000000746800000, 0x0000000746800000|100%| E|CS|TAMS 0x0000000746600000| PB 0x0000000746600000| Complete 
| 408|0x0000000746800000, 0x0000000746a00000, 0x0000000746a00000|100%| E|CS|TAMS 0x0000000746800000| PB 0x0000000746800000| Complete 
| 409|0x0000000746a00000, 0x0000000746c00000, 0x0000000746c00000|100%| E|CS|TAMS 0x0000000746a00000| PB 0x0000000746a00000| Complete 
| 410|0x0000000746c00000, 0x0000000746e00000, 0x0000000746e00000|100%| E|CS|TAMS 0x0000000746c00000| PB 0x0000000746c00000| Complete 
| 411|0x0000000746e00000, 0x0000000747000000, 0x0000000747000000|100%| E|CS|TAMS 0x0000000746e00000| PB 0x0000000746e00000| Complete 
| 412|0x0000000747000000, 0x0000000747200000, 0x0000000747200000|100%| E|CS|TAMS 0x0000000747000000| PB 0x0000000747000000| Complete 
| 413|0x0000000747200000, 0x0000000747400000, 0x0000000747400000|100%| E|CS|TAMS 0x0000000747200000| PB 0x0000000747200000| Complete 
| 414|0x0000000747400000, 0x0000000747600000, 0x0000000747600000|100%| E|CS|TAMS 0x0000000747400000| PB 0x0000000747400000| Complete 
| 415|0x0000000747600000, 0x0000000747800000, 0x0000000747800000|100%| E|CS|TAMS 0x0000000747600000| PB 0x0000000747600000| Complete 
| 416|0x0000000747800000, 0x0000000747a00000, 0x0000000747a00000|100%| E|CS|TAMS 0x0000000747800000| PB 0x0000000747800000| Complete 
| 417|0x0000000747a00000, 0x0000000747c00000, 0x0000000747c00000|100%| E|CS|TAMS 0x0000000747a00000| PB 0x0000000747a00000| Complete 
| 418|0x0000000747c00000, 0x0000000747e00000, 0x0000000747e00000|100%| E|CS|TAMS 0x0000000747c00000| PB 0x0000000747c00000| Complete 
| 419|0x0000000747e00000, 0x0000000748000000, 0x0000000748000000|100%| E|CS|TAMS 0x0000000747e00000| PB 0x0000000747e00000| Complete 
| 420|0x0000000748000000, 0x0000000748200000, 0x0000000748200000|100%| E|CS|TAMS 0x0000000748000000| PB 0x0000000748000000| Complete 
| 421|0x0000000748200000, 0x0000000748400000, 0x0000000748400000|100%| E|CS|TAMS 0x0000000748200000| PB 0x0000000748200000| Complete 
| 422|0x0000000748400000, 0x0000000748600000, 0x0000000748600000|100%| E|CS|TAMS 0x0000000748400000| PB 0x0000000748400000| Complete 
| 423|0x0000000748600000, 0x0000000748800000, 0x0000000748800000|100%| E|CS|TAMS 0x0000000748600000| PB 0x0000000748600000| Complete 
| 424|0x0000000748800000, 0x0000000748a00000, 0x0000000748a00000|100%| E|CS|TAMS 0x0000000748800000| PB 0x0000000748800000| Complete 
| 425|0x0000000748a00000, 0x0000000748c00000, 0x0000000748c00000|100%| E|CS|TAMS 0x0000000748a00000| PB 0x0000000748a00000| Complete 
| 426|0x0000000748c00000, 0x0000000748e00000, 0x0000000748e00000|100%| E|CS|TAMS 0x0000000748c00000| PB 0x0000000748c00000| Complete 
| 427|0x0000000748e00000, 0x0000000749000000, 0x0000000749000000|100%| E|CS|TAMS 0x0000000748e00000| PB 0x0000000748e00000| Complete 
| 428|0x0000000749000000, 0x0000000749200000, 0x0000000749200000|100%| E|CS|TAMS 0x0000000749000000| PB 0x0000000749000000| Complete 
| 429|0x0000000749200000, 0x0000000749400000, 0x0000000749400000|100%| E|CS|TAMS 0x0000000749200000| PB 0x0000000749200000| Complete 
| 430|0x0000000749400000, 0x0000000749600000, 0x0000000749600000|100%| E|CS|TAMS 0x0000000749400000| PB 0x0000000749400000| Complete 
| 431|0x0000000749600000, 0x0000000749800000, 0x0000000749800000|100%| E|CS|TAMS 0x0000000749600000| PB 0x0000000749600000| Complete 
| 432|0x0000000749800000, 0x0000000749a00000, 0x0000000749a00000|100%| E|CS|TAMS 0x0000000749800000| PB 0x0000000749800000| Complete 
| 433|0x0000000749a00000, 0x0000000749c00000, 0x0000000749c00000|100%| E|CS|TAMS 0x0000000749a00000| PB 0x0000000749a00000| Complete 
| 434|0x0000000749c00000, 0x0000000749e00000, 0x0000000749e00000|100%| E|CS|TAMS 0x0000000749c00000| PB 0x0000000749c00000| Complete 
| 435|0x0000000749e00000, 0x000000074a000000, 0x000000074a000000|100%| E|CS|TAMS 0x0000000749e00000| PB 0x0000000749e00000| Complete 
| 436|0x000000074a000000, 0x000000074a200000, 0x000000074a200000|100%| E|CS|TAMS 0x000000074a000000| PB 0x000000074a000000| Complete 
| 437|0x000000074a200000, 0x000000074a400000, 0x000000074a400000|100%| E|CS|TAMS 0x000000074a200000| PB 0x000000074a200000| Complete 
| 438|0x000000074a400000, 0x000000074a600000, 0x000000074a600000|100%| E|CS|TAMS 0x000000074a400000| PB 0x000000074a400000| Complete 
| 439|0x000000074a600000, 0x000000074a800000, 0x000000074a800000|100%| E|CS|TAMS 0x000000074a600000| PB 0x000000074a600000| Complete 
| 440|0x000000074a800000, 0x000000074aa00000, 0x000000074aa00000|100%| E|CS|TAMS 0x000000074a800000| PB 0x000000074a800000| Complete 
| 441|0x000000074aa00000, 0x000000074ac00000, 0x000000074ac00000|100%| E|CS|TAMS 0x000000074aa00000| PB 0x000000074aa00000| Complete 
| 442|0x000000074ac00000, 0x000000074ae00000, 0x000000074ae00000|100%| E|CS|TAMS 0x000000074ac00000| PB 0x000000074ac00000| Complete 
| 443|0x000000074ae00000, 0x000000074b000000, 0x000000074b000000|100%| E|CS|TAMS 0x000000074ae00000| PB 0x000000074ae00000| Complete 
| 444|0x000000074b000000, 0x000000074b200000, 0x000000074b200000|100%| E|CS|TAMS 0x000000074b000000| PB 0x000000074b000000| Complete 
| 445|0x000000074b200000, 0x000000074b400000, 0x000000074b400000|100%| E|CS|TAMS 0x000000074b200000| PB 0x000000074b200000| Complete 
| 446|0x000000074b400000, 0x000000074b600000, 0x000000074b600000|100%| E|CS|TAMS 0x000000074b400000| PB 0x000000074b400000| Complete 
| 447|0x000000074b600000, 0x000000074b800000, 0x000000074b800000|100%| E|CS|TAMS 0x000000074b600000| PB 0x000000074b600000| Complete 
| 448|0x000000074b800000, 0x000000074ba00000, 0x000000074ba00000|100%| E|CS|TAMS 0x000000074b800000| PB 0x000000074b800000| Complete 
| 449|0x000000074ba00000, 0x000000074bc00000, 0x000000074bc00000|100%| E|CS|TAMS 0x000000074ba00000| PB 0x000000074ba00000| Complete 
| 450|0x000000074bc00000, 0x000000074be00000, 0x000000074be00000|100%| E|CS|TAMS 0x000000074bc00000| PB 0x000000074bc00000| Complete 
| 451|0x000000074be00000, 0x000000074c000000, 0x000000074c000000|100%| E|CS|TAMS 0x000000074be00000| PB 0x000000074be00000| Complete 
| 452|0x000000074c000000, 0x000000074c200000, 0x000000074c200000|100%| E|CS|TAMS 0x000000074c000000| PB 0x000000074c000000| Complete 
| 453|0x000000074c200000, 0x000000074c400000, 0x000000074c400000|100%| E|CS|TAMS 0x000000074c200000| PB 0x000000074c200000| Complete 
| 454|0x000000074c400000, 0x000000074c600000, 0x000000074c600000|100%| E|CS|TAMS 0x000000074c400000| PB 0x000000074c400000| Complete 
| 455|0x000000074c600000, 0x000000074c800000, 0x000000074c800000|100%| E|CS|TAMS 0x000000074c600000| PB 0x000000074c600000| Complete 
| 456|0x000000074c800000, 0x000000074ca00000, 0x000000074ca00000|100%| E|CS|TAMS 0x000000074c800000| PB 0x000000074c800000| Complete 
| 457|0x000000074ca00000, 0x000000074cc00000, 0x000000074cc00000|100%| E|CS|TAMS 0x000000074ca00000| PB 0x000000074ca00000| Complete 
| 458|0x000000074cc00000, 0x000000074ce00000, 0x000000074ce00000|100%| E|CS|TAMS 0x000000074cc00000| PB 0x000000074cc00000| Complete 
| 459|0x000000074ce00000, 0x000000074d000000, 0x000000074d000000|100%| E|CS|TAMS 0x000000074ce00000| PB 0x000000074ce00000| Complete 
|1865|0x00000007fca00000, 0x00000007fcc00000, 0x00000007fcc00000|100%| E|CS|TAMS 0x00000007fca00000| PB 0x00000007fca00000| Complete 
|1866|0x00000007fcc00000, 0x00000007fce00000, 0x00000007fce00000|100%| O|  |TAMS 0x00000007fcc00000| PB 0x00000007fcc00000| Untracked 
|1867|0x00000007fce00000, 0x00000007fd000000, 0x00000007fd000000|100%| O|  |TAMS 0x00000007fce00000| PB 0x00000007fce00000| Untracked 
|1868|0x00000007fd000000, 0x00000007fd200000, 0x00000007fd200000|100%| E|CS|TAMS 0x00000007fd000000| PB 0x00000007fd000000| Complete 
|1869|0x00000007fd200000, 0x00000007fd400000, 0x00000007fd400000|100%| O|  |TAMS 0x00000007fd200000| PB 0x00000007fd200000| Untracked 
|1870|0x00000007fd400000, 0x00000007fd600000, 0x00000007fd600000|100%| O|  |TAMS 0x00000007fd400000| PB 0x00000007fd400000| Untracked 
|1871|0x00000007fd600000, 0x00000007fd800000, 0x00000007fd800000|100%| O|  |TAMS 0x00000007fd600000| PB 0x00000007fd600000| Untracked 
|1872|0x00000007fd800000, 0x00000007fda00000, 0x00000007fda00000|100%| O|  |TAMS 0x00000007fd800000| PB 0x00000007fd800000| Untracked 
|1873|0x00000007fda00000, 0x00000007fdc00000, 0x00000007fdc00000|100%| O|  |TAMS 0x00000007fda00000| PB 0x00000007fda00000| Untracked 
|1874|0x00000007fdc00000, 0x00000007fde00000, 0x00000007fde00000|100%| O|  |TAMS 0x00000007fdc00000| PB 0x00000007fdc00000| Untracked 
|1875|0x00000007fde00000, 0x00000007fe000000, 0x00000007fe000000|100%| O|  |TAMS 0x00000007fde00000| PB 0x00000007fde00000| Untracked 
|1876|0x00000007fe000000, 0x00000007fe200000, 0x00000007fe200000|100%| O|  |TAMS 0x00000007fe000000| PB 0x00000007fe000000| Untracked 
|1877|0x00000007fe200000, 0x00000007fe400000, 0x00000007fe400000|100%| O|  |TAMS 0x00000007fe200000| PB 0x00000007fe200000| Untracked 
|1878|0x00000007fe400000, 0x00000007fe600000, 0x00000007fe600000|100%| O|  |TAMS 0x00000007fe400000| PB 0x00000007fe400000| Untracked 
|1879|0x00000007fe600000, 0x00000007fe800000, 0x00000007fe800000|100%| O|  |TAMS 0x00000007fe600000| PB 0x00000007fe600000| Untracked 
|1880|0x00000007fe800000, 0x00000007fea00000, 0x00000007fea00000|100%| E|CS|TAMS 0x00000007fe800000| PB 0x00000007fe800000| Complete 
|1881|0x00000007fea00000, 0x00000007fec00000, 0x00000007fec00000|100%| O|  |TAMS 0x00000007fea00000| PB 0x00000007fea00000| Untracked 
|1882|0x00000007fec00000, 0x00000007fee00000, 0x00000007fee00000|100%| O|  |TAMS 0x00000007fec00000| PB 0x00000007fec00000| Untracked 
|1883|0x00000007fee00000, 0x00000007ff000000, 0x00000007ff000000|100%| O|  |TAMS 0x00000007fee00000| PB 0x00000007fee00000| Untracked 
|1884|0x00000007ff000000, 0x00000007ff200000, 0x00000007ff200000|100%| E|CS|TAMS 0x00000007ff000000| PB 0x00000007ff000000| Complete 
|1885|0x00000007ff200000, 0x00000007ff400000, 0x00000007ff400000|100%| E|CS|TAMS 0x00000007ff200000| PB 0x00000007ff200000| Complete 
|1886|0x00000007ff400000, 0x00000007ff600000, 0x00000007ff600000|100%| O|  |TAMS 0x00000007ff400000| PB 0x00000007ff400000| Untracked 
|1887|0x00000007ff600000, 0x00000007ff800000, 0x00000007ff800000|100%| E|CS|TAMS 0x00000007ff600000| PB 0x00000007ff600000| Complete 
|1888|0x00000007ff800000, 0x00000007ffa00000, 0x00000007ffa00000|100%| E|  |TAMS 0x00000007ff800000| PB 0x00000007ff800000| Complete 
|1889|0x00000007ffa00000, 0x00000007ffc00000, 0x00000007ffc00000|100%| E|CS|TAMS 0x00000007ffa00000| PB 0x00000007ffa00000| Complete 
|1890|0x00000007ffc00000, 0x00000007ffe00000, 0x00000007ffe00000|100%| O|  |TAMS 0x00000007ffc00000| PB 0x00000007ffc00000| Untracked 
|1891|0x00000007ffe00000, 0x0000000800000000, 0x0000000800000000|100%| O|  |TAMS 0x00000007ffe00000| PB 0x00000007ffe00000| Untracked 

Card table byte_map: [0x0000026fc0890000,0x0000026fc1000000] _byte_map_base: 0x0000026fbcff4000

Marking Bits: (CMBitMap*) 0x0000026fac9c4120
 Bits: [0x0000026fc1000000, 0x0000026fc4b20000)

Polling page: 0x0000026faaa30000

Metaspace:

Usage:
  Non-class:    113.43 MB used.
      Class:     21.18 MB used.
       Both:    134.61 MB used.

Virtual space:
  Non-class space:      128.00 MB reserved,     114.31 MB ( 89%) committed,  2 nodes.
      Class space:        1.00 GB reserved,      21.88 MB (  2%) committed,  1 nodes.
             Both:        1.12 GB reserved,     136.19 MB ( 12%) committed. 

Chunk freelists:
   Non-Class:  13.59 MB
       Class:  10.00 MB
        Both:  23.59 MB

MaxMetaspaceSize: unlimited
CompressedClassSpaceSize: 1.00 GB
Initial GC threshold: 21.00 MB
Current GC threshold: 226.69 MB
CDS: on
 - commit_granule_bytes: 65536.
 - commit_granule_words: 8192.
 - virtual_space_node_default_size: 8388608.
 - enlarge_chunks_in_place: 1.
 - use_allocation_guard: 0.


Internal statistics:

num_allocs_failed_limit: 18.
num_arena_births: 2616.
num_arena_deaths: 22.
num_vsnodes_births: 3.
num_vsnodes_deaths: 0.
num_space_committed: 2172.
num_space_uncommitted: 0.
num_chunks_returned_to_freelist: 49.
num_chunks_taken_from_freelist: 8998.
num_chunk_merges: 21.
num_chunk_splits: 5639.
num_chunks_enlarged: 3774.
num_inconsistent_stats: 0.

CodeHeap 'non-profiled nmethods': size=120000Kb used=23576Kb max_used=23951Kb free=96423Kb
 bounds [0x0000026fb88c0000, 0x0000026fba030000, 0x0000026fbfdf0000]
CodeHeap 'profiled nmethods': size=120000Kb used=23545Kb max_used=30061Kb free=96454Kb
 bounds [0x0000026fb0df0000, 0x0000026fb2bf0000, 0x0000026fb8320000]
CodeHeap 'non-nmethods': size=5760Kb used=3324Kb max_used=3413Kb free=2435Kb
 bounds [0x0000026fb8320000, 0x0000026fb8690000, 0x0000026fb88c0000]
CodeCache: size=245760Kb, used=50445Kb, max_used=57425Kb, free=195312Kb
 total_blobs=18363, nmethods=15968, adapters=2293, full_count=0
Compilation: enabled, stopped_count=0, restarted_count=0

Compilation events (20 events):
Event: 314.578 Thread 0x0000026fc7591c00 40130       3       org.lwjgl.openal.AL10::alDeleteSources (15 bytes)
Event: 314.579 Thread 0x0000026fc7591c00 nmethod 40130 0x0000026fb14efd90 code [0x0000026fb14eff60, 0x0000026fb14f0220]
Event: 314.599 Thread 0x0000026fc7590070 nmethod 40125 0x0000026fb9a15a10 code [0x0000026fb9a15ce0, 0x0000026fb9a167f0]
Event: 314.917 Thread 0x0000026fc7591c00 40131       3       net.minecraft.client.gui.Gui::renderHealthLevel (390 bytes)
Event: 314.921 Thread 0x0000026fc7591c00 nmethod 40131 0x0000026fb2a7a090 code [0x0000026fb2a7a440, 0x0000026fb2a7c2c0]
Event: 314.922 Thread 0x0000026fc7591c00 40132       3       net.neoforged.neoforge.event.entity.player.PlayerHeartTypeEvent::<init> (16 bytes)
Event: 314.922 Thread 0x0000026fc7591c00 nmethod 40132 0x0000026fb2a9be10 code [0x0000026fb2a9bfe0, 0x0000026fb2a9c4c0]
Event: 314.922 Thread 0x0000026fc7591c00 40133       3       net.minecraft.client.gui.Gui$$Lambda/0x0000026fcafd5768::render (10 bytes)
Event: 314.922 Thread 0x0000026fc7591c00 nmethod 40133 0x0000026fb19f4810 code [0x0000026fb19f49c0, 0x0000026fb19f4b60]
Event: 314.922 Thread 0x0000026fc7591c00 40134       3       net.minecraft.client.gui.Gui::lambda$new$1 (6 bytes)
Event: 314.923 Thread 0x0000026fc7591c00 nmethod 40134 0x0000026fb16cd590 code [0x0000026fb16cd740, 0x0000026fb16cd878]
Event: 314.923 Thread 0x0000026fc7591c00 40135       3       net.minecraft.client.gui.Gui::renderArmorLevel (85 bytes)
Event: 314.924 Thread 0x0000026fc7591c00 nmethod 40135 0x0000026fb20ff690 code [0x0000026fb20ff8e0, 0x0000026fb21003e0]
Event: 314.924 Thread 0x0000026fc7591c00 40136       3       net.minecraft.client.gui.Gui::renderArmor (135 bytes)
Event: 314.927 Thread 0x0000026fc7591c00 nmethod 40136 0x0000026fb211af90 code [0x0000026fb211b300, 0x0000026fb211c768]
Event: 314.970 Thread 0x0000026fc7590070 40137   !   4       java.util.concurrent.ThreadPoolExecutor::getTask (177 bytes)
Event: 314.982 Thread 0x0000026fc7590070 nmethod 40137 0x0000026fb9a14d90 code [0x0000026fb9a14fa0, 0x0000026fb9a15590]
Event: 315.175 Thread 0x0000026fc7590070 40138   !   4       net.minecraft.client.Minecraft::tick (870 bytes)
Event: 315.248 Thread 0x0000026fc7591c00 40140       3       java.lang.invoke.DirectMethodHandle$Holder::invokeStatic (14 bytes)
Event: 315.248 Thread 0x0000026fc7591c00 nmethod 40140 0x0000026fb1e84410 code [0x0000026fb1e845e0, 0x0000026fb1e84a30]

GC Heap History (20 events):
Event: 273.993 GC heap before
{Heap before GC invocations=173 (full 0):
 garbage-first heap   total 995328K, used 941762K [0x0000000713800000, 0x0000000800000000)
  region size 2048K, 216 young (442368K), 16 survivors (32768K)
 Metaspace       used 137500K, committed 139072K, reserved 1179648K
  class space    used 21665K, committed 22336K, reserved 1048576K
}
Event: 274.010 GC heap after
{Heap after GC invocations=174 (full 0):
 garbage-first heap   total 995328K, used 538738K [0x0000000713800000, 0x0000000800000000)
  region size 2048K, 16 young (32768K), 16 survivors (32768K)
 Metaspace       used 137500K, committed 139072K, reserved 1179648K
  class space    used 21665K, committed 22336K, reserved 1048576K
}
Event: 275.600 GC heap before
{Heap before GC invocations=175 (full 0):
 garbage-first heap   total 995328K, used 942194K [0x0000000713800000, 0x0000000800000000)
  region size 2048K, 213 young (436224K), 16 survivors (32768K)
 Metaspace       used 137533K, committed 139072K, reserved 1179648K
  class space    used 21665K, committed 22336K, reserved 1048576K
}
Event: 275.617 GC heap after
{Heap after GC invocations=176 (full 0):
 garbage-first heap   total 995328K, used 543997K [0x0000000713800000, 0x0000000800000000)
  region size 2048K, 17 young (34816K), 17 survivors (34816K)
 Metaspace       used 137533K, committed 139072K, reserved 1179648K
  class space    used 21665K, committed 22336K, reserved 1048576K
}
Event: 276.888 GC heap before
{Heap before GC invocations=176 (full 0):
 garbage-first heap   total 995328K, used 941309K [0x0000000713800000, 0x0000000800000000)
  region size 2048K, 212 young (434176K), 17 survivors (34816K)
 Metaspace       used 137546K, committed 139136K, reserved 1179648K
  class space    used 21665K, committed 22336K, reserved 1048576K
}
Event: 276.913 GC heap after
{Heap after GC invocations=177 (full 0):
 garbage-first heap   total 997376K, used 543530K [0x0000000713800000, 0x0000000800000000)
  region size 2048K, 16 young (32768K), 16 survivors (32768K)
 Metaspace       used 137546K, committed 139136K, reserved 1179648K
  class space    used 21665K, committed 22336K, reserved 1048576K
}
Event: 278.767 GC heap before
{Heap before GC invocations=177 (full 0):
 garbage-first heap   total 997376K, used 944938K [0x0000000713800000, 0x0000000800000000)
  region size 2048K, 212 young (434176K), 16 survivors (32768K)
 Metaspace       used 137555K, committed 139136K, reserved 1179648K
  class space    used 21666K, committed 22336K, reserved 1048576K
}
Event: 278.782 GC heap after
{Heap after GC invocations=178 (full 0):
 garbage-first heap   total 997376K, used 541769K [0x0000000713800000, 0x0000000800000000)
  region size 2048K, 13 young (26624K), 13 survivors (26624K)
 Metaspace       used 137555K, committed 139136K, reserved 1179648K
  class space    used 21666K, committed 22336K, reserved 1048576K
}
Event: 282.782 GC heap before
{Heap before GC invocations=179 (full 0):
 garbage-first heap   total 997376K, used 945225K [0x0000000713800000, 0x0000000800000000)
  region size 2048K, 210 young (430080K), 13 survivors (26624K)
 Metaspace       used 137586K, committed 139136K, reserved 1179648K
  class space    used 21670K, committed 22336K, reserved 1048576K
}
Event: 282.801 GC heap after
{Heap after GC invocations=180 (full 0):
 garbage-first heap   total 997376K, used 539721K [0x0000000713800000, 0x0000000800000000)
  region size 2048K, 12 young (24576K), 12 survivors (24576K)
 Metaspace       used 137586K, committed 139136K, reserved 1179648K
  class space    used 21670K, committed 22336K, reserved 1048576K
}
Event: 288.304 GC heap before
{Heap before GC invocations=180 (full 0):
 garbage-first heap   total 997376K, used 943177K [0x0000000713800000, 0x0000000800000000)
  region size 2048K, 210 young (430080K), 12 survivors (24576K)
 Metaspace       used 137673K, committed 139200K, reserved 1179648K
  class space    used 21682K, committed 22336K, reserved 1048576K
}
Event: 288.322 GC heap after
{Heap after GC invocations=181 (full 0):
 garbage-first heap   total 997376K, used 534422K [0x0000000713800000, 0x0000000800000000)
  region size 2048K, 13 young (26624K), 13 survivors (26624K)
 Metaspace       used 137673K, committed 139200K, reserved 1179648K
  class space    used 21682K, committed 22336K, reserved 1048576K
}
Event: 293.555 GC heap before
{Heap before GC invocations=181 (full 0):
 garbage-first heap   total 997376K, used 944022K [0x0000000713800000, 0x0000000800000000)
  region size 2048K, 213 young (436224K), 13 survivors (26624K)
 Metaspace       used 137685K, committed 139264K, reserved 1179648K
  class space    used 21682K, committed 22336K, reserved 1048576K
}
Event: 293.568 GC heap after
{Heap after GC invocations=182 (full 0):
 garbage-first heap   total 997376K, used 534282K [0x0000000713800000, 0x0000000800000000)
  region size 2048K, 13 young (26624K), 13 survivors (26624K)
 Metaspace       used 137685K, committed 139264K, reserved 1179648K
  class space    used 21682K, committed 22336K, reserved 1048576K
}
Event: 296.644 GC heap before
{Heap before GC invocations=183 (full 0):
 garbage-first heap   total 997376K, used 943882K [0x0000000713800000, 0x0000000800000000)
  region size 2048K, 213 young (436224K), 13 survivors (26624K)
 Metaspace       used 137703K, committed 139264K, reserved 1179648K
  class space    used 21684K, committed 22336K, reserved 1048576K
}
Event: 296.663 GC heap after
{Heap after GC invocations=184 (full 0):
 garbage-first heap   total 997376K, used 535888K [0x0000000713800000, 0x0000000800000000)
  region size 2048K, 14 young (28672K), 14 survivors (28672K)
 Metaspace       used 137703K, committed 139264K, reserved 1179648K
  class space    used 21684K, committed 22336K, reserved 1048576K
}
Event: 299.219 GC heap before
{Heap before GC invocations=184 (full 0):
 garbage-first heap   total 997376K, used 941392K [0x0000000713800000, 0x0000000800000000)
  region size 2048K, 213 young (436224K), 14 survivors (28672K)
 Metaspace       used 137712K, committed 139264K, reserved 1179648K
  class space    used 21684K, committed 22336K, reserved 1048576K
}
Event: 299.243 GC heap after
{Heap after GC invocations=185 (full 0):
 garbage-first heap   total 997376K, used 530796K [0x0000000713800000, 0x0000000800000000)
  region size 2048K, 13 young (26624K), 13 survivors (26624K)
 Metaspace       used 137712K, committed 139264K, reserved 1179648K
  class space    used 21684K, committed 22336K, reserved 1048576K
}
Event: 307.136 GC heap before
{Heap before GC invocations=185 (full 0):
 garbage-first heap   total 997376K, used 944492K [0x0000000713800000, 0x0000000800000000)
  region size 2048K, 215 young (440320K), 13 survivors (26624K)
 Metaspace       used 137757K, committed 139264K, reserved 1179648K
  class space    used 21684K, committed 22336K, reserved 1048576K
}
Event: 307.150 GC heap after
{Heap after GC invocations=186 (full 0):
 garbage-first heap   total 997376K, used 529344K [0x0000000713800000, 0x0000000800000000)
  region size 2048K, 13 young (26624K), 13 survivors (26624K)
 Metaspace       used 137757K, committed 139264K, reserved 1179648K
  class space    used 21684K, committed 22336K, reserved 1048576K
}

Dll operation events (4 events):
Event: 0.053 Loaded shared library C:\Softwares\MCreator\jdk\bin\java.dll
Event: 0.109 Loaded shared library C:\Softwares\MCreator\jdk\bin\jsvml.dll
Event: 0.249 Loaded shared library C:\Softwares\MCreator\jdk\bin\zip.dll
Event: 1.844 Loaded shared library C:\Softwares\MCreator\jdk\bin\verify.dll

Deoptimization events (20 events):
Event: 308.440 Thread 0x000002701f7edf80 Uncommon trap: trap_request=0xffffff45 fr.pc=0x0000026fb8db953c relative=0x000000000000037c
Event: 308.440 Thread 0x000002701f7edf80 Uncommon trap: reason=unstable_if action=reinterpret pc=0x0000026fb8db953c method=java.util.concurrent.CompletableFuture.uniWhenCompleteStage(Ljava/util/concurrent/Executor;Ljava/util/function/BiConsumer;)Ljava/util/concurrent/CompletableFuture; @ 24 c2
Event: 308.440 Thread 0x000002701f7edf80 DEOPT PACKING pc=0x0000026fb8db953c sp=0x000000c6dc7fefc0
Event: 308.440 Thread 0x000002701f7edf80 DEOPT UNPACKING pc=0x0000026fb8374422 sp=0x000000c6dc7fef70 mode 2
Event: 310.739 Thread 0x0000026fac95fc80 Uncommon trap: trap_request=0xffffffde fr.pc=0x0000026fb9945810 relative=0x0000000000000070
Event: 310.739 Thread 0x0000026fac95fc80 Uncommon trap: reason=class_check action=maybe_recompile pc=0x0000026fb9945810 method=java.util.AbstractMap.isEmpty()Z @ 1 c2
Event: 310.739 Thread 0x0000026fac95fc80 DEOPT PACKING pc=0x0000026fb9945810 sp=0x000000c6da3fde60
Event: 310.739 Thread 0x0000026fac95fc80 DEOPT UNPACKING pc=0x0000026fb8374422 sp=0x000000c6da3fdde8 mode 2
Event: 310.755 Thread 0x0000026fac95fc80 Uncommon trap: trap_request=0xffffffde fr.pc=0x0000026fb9945810 relative=0x0000000000000070
Event: 310.755 Thread 0x0000026fac95fc80 Uncommon trap: reason=class_check action=maybe_recompile pc=0x0000026fb9945810 method=java.util.AbstractMap.isEmpty()Z @ 1 c2
Event: 310.755 Thread 0x0000026fac95fc80 DEOPT PACKING pc=0x0000026fb9945810 sp=0x000000c6da3fe340
Event: 310.755 Thread 0x0000026fac95fc80 DEOPT UNPACKING pc=0x0000026fb8374422 sp=0x000000c6da3fe2c8 mode 2
Event: 310.813 Thread 0x0000026fac95fc80 Uncommon trap: trap_request=0xffffffde fr.pc=0x0000026fb9945810 relative=0x0000000000000070
Event: 310.813 Thread 0x0000026fac95fc80 Uncommon trap: reason=class_check action=maybe_recompile pc=0x0000026fb9945810 method=java.util.AbstractMap.isEmpty()Z @ 1 c2
Event: 310.813 Thread 0x0000026fac95fc80 DEOPT PACKING pc=0x0000026fb9945810 sp=0x000000c6da3fe0e0
Event: 310.814 Thread 0x0000026fac95fc80 DEOPT UNPACKING pc=0x0000026fb8374422 sp=0x000000c6da3fe068 mode 2
Event: 310.820 Thread 0x0000026fac95fc80 Uncommon trap: trap_request=0xffffffde fr.pc=0x0000026fb9945810 relative=0x0000000000000070
Event: 310.820 Thread 0x0000026fac95fc80 Uncommon trap: reason=class_check action=maybe_recompile pc=0x0000026fb9945810 method=java.util.AbstractMap.isEmpty()Z @ 1 c2
Event: 310.820 Thread 0x0000026fac95fc80 DEOPT PACKING pc=0x0000026fb9945810 sp=0x000000c6da3fe340
Event: 310.821 Thread 0x0000026fac95fc80 DEOPT UNPACKING pc=0x0000026fb8374422 sp=0x000000c6da3fe2c8 mode 2

Classes loaded (20 events):
Event: 165.879 Loading class java/util/stream/FindOps$FindSink$OfInt
Event: 165.880 Loading class java/util/stream/FindOps$FindSink$OfInt done
Event: 166.185 Loading class java/util/IdentityHashMap$ValueSpliterator
Event: 166.185 Loading class java/util/IdentityHashMap$ValueSpliterator done
Event: 167.234 Loading class java/util/concurrent/ForkJoinTask$AdaptedInterruptibleRunnable
Event: 167.234 Loading class java/util/concurrent/ForkJoinTask$AdaptedInterruptibleRunnable done
Event: 167.811 Loading class java/util/concurrent/LinkedBlockingDeque$Node
Event: 167.811 Loading class java/util/concurrent/LinkedBlockingDeque$Node done
Event: 174.358 Loading class java/nio/channels/Channels$WritableByteChannelImpl
Event: 174.359 Loading class java/nio/channels/Channels$WritableByteChannelImpl done
Event: 198.925 Loading class java/util/stream/ReduceOps$8
Event: 198.925 Loading class java/util/stream/ReduceOps$8 done
Event: 198.925 Loading class java/util/stream/ReduceOps$7ReducingSink
Event: 198.925 Loading class java/util/stream/ReduceOps$7ReducingSink done
Event: 218.058 Loading class java/util/stream/IntStream$2
Event: 218.058 Loading class java/util/Spliterators$AbstractIntSpliterator
Event: 218.058 Loading class java/util/Spliterators$AbstractIntSpliterator done
Event: 218.058 Loading class java/util/stream/IntStream$2 done
Event: 228.750 Loading class java/util/DualPivotQuicksort$Sorter
Event: 228.751 Loading class java/util/DualPivotQuicksort$Sorter done

Classes unloaded (11 events):
Event: 27.856 Thread 0x0000026fc755de30 Unloading class 0x0000026fcb0b8000 'java/lang/invoke/LambdaForm$DMH+0x0000026fcb0b8000'
Event: 27.856 Thread 0x0000026fc755de30 Unloading class 0x0000026fcb0b5800 'java/lang/invoke/LambdaForm$MH+0x0000026fcb0b5800'
Event: 27.856 Thread 0x0000026fc755de30 Unloading class 0x0000026fcb0b5000 'java/lang/invoke/LambdaForm$DMH+0x0000026fcb0b5000'
Event: 27.856 Thread 0x0000026fc755de30 Unloading class 0x0000026fcb0b4800 'java/lang/invoke/LambdaForm$DMH+0x0000026fcb0b4800'
Event: 157.111 Thread 0x0000026fc755de30 Unloading class 0x0000026fcb2b1800 'java/lang/invoke/LambdaForm$DMH+0x0000026fcb2b1800'
Event: 157.111 Thread 0x0000026fc755de30 Unloading class 0x0000026fcb2b1400 'java/lang/invoke/LambdaForm$DMH+0x0000026fcb2b1400'
Event: 157.111 Thread 0x0000026fc755de30 Unloading class 0x0000026fcb2b0c00 'java/lang/invoke/LambdaForm$DMH+0x0000026fcb2b0c00'
Event: 157.111 Thread 0x0000026fc755de30 Unloading class 0x0000026fcb2b0400 'java/lang/invoke/LambdaForm$DMH+0x0000026fcb2b0400'
Event: 162.033 Thread 0x0000026fc755de30 Unloading class 0x0000026fcb324c00 'java/lang/invoke/LambdaForm$DMH+0x0000026fcb324c00'
Event: 162.033 Thread 0x0000026fc755de30 Unloading class 0x0000026fcb324800 'java/lang/invoke/LambdaForm$DMH+0x0000026fcb324800'
Event: 162.033 Thread 0x0000026fc755de30 Unloading class 0x0000026fcb324000 'java/lang/invoke/LambdaForm$DMH+0x0000026fcb324000'

Classes redefined (0 events):
No events

Internal exceptions (20 events):
Event: 308.250 Thread 0x000002701f07b410 Exception <a 'sun/nio/fs/WindowsException'{0x00000007483ddac0}> (0x00000007483ddac0) 
thrown [s\src\hotspot\share\prims\jni.cpp, line 537]
Event: 308.469 Thread 0x000002701f07b410 Exception <a 'sun/nio/fs/WindowsException'{0x0000000747a05530}> (0x0000000747a05530) 
thrown [s\src\hotspot\share\prims\jni.cpp, line 537]
Event: 308.716 Thread 0x000002701f07b410 Exception <a 'sun/nio/fs/WindowsException'{0x0000000747506db8}> (0x0000000747506db8) 
thrown [s\src\hotspot\share\prims\jni.cpp, line 537]
Event: 308.845 Thread 0x000002701f07b410 Exception <a 'sun/nio/fs/WindowsException'{0x0000000747385640}> (0x0000000747385640) 
thrown [s\src\hotspot\share\prims\jni.cpp, line 537]
Event: 310.297 Thread 0x000002701f07b410 Exception <a 'sun/nio/fs/WindowsException'{0x00000007451054e0}> (0x00000007451054e0) 
thrown [s\src\hotspot\share\prims\jni.cpp, line 537]
Event: 310.894 Thread 0x000002701f07b410 Exception <a 'sun/nio/fs/WindowsException'{0x0000000740ae71d0}> (0x0000000740ae71d0) 
thrown [s\src\hotspot\share\prims\jni.cpp, line 537]
Event: 311.147 Thread 0x000002701f07b410 Exception <a 'sun/nio/fs/WindowsException'{0x000000073fa026e8}> (0x000000073fa026e8) 
thrown [s\src\hotspot\share\prims\jni.cpp, line 537]
Event: 311.295 Thread 0x000002701f07b410 Exception <a 'sun/nio/fs/WindowsException'{0x000000073f308368}> (0x000000073f308368) 
thrown [s\src\hotspot\share\prims\jni.cpp, line 537]
Event: 312.398 Thread 0x000002701f07b410 Exception <a 'sun/nio/fs/WindowsException'{0x000000073da047c8}> (0x000000073da047c8) 
thrown [s\src\hotspot\share\prims\jni.cpp, line 537]
Event: 312.968 Thread 0x000002701f07b410 Exception <a 'sun/nio/fs/WindowsException'{0x000000073c000768}> (0x000000073c000768) 
thrown [s\src\hotspot\share\prims\jni.cpp, line 537]
Event: 313.847 Thread 0x000002701f07b410 Exception <a 'sun/nio/fs/WindowsException'{0x0000000738f04778}> (0x0000000738f04778) 
thrown [s\src\hotspot\share\prims\jni.cpp, line 537]
Event: 313.849 Thread 0x000002701f07b410 Exception <a 'sun/nio/fs/WindowsException'{0x0000000738d054c8}> (0x0000000738d054c8) 
thrown [s\src\hotspot\share\prims\jni.cpp, line 537]
Event: 313.865 Thread 0x000002701983b670 Exception <a 'sun/nio/fs/WindowsException'{0x0000000738800818}> (0x0000000738800818) 
thrown [s\src\hotspot\share\prims\jni.cpp, line 537]
Event: 313.999 Thread 0x000002701983b670 Exception <a 'sun/nio/fs/WindowsException'{0x0000000738706338}> (0x0000000738706338) 
thrown [s\src\hotspot\share\prims\jni.cpp, line 537]
Event: 314.217 Thread 0x000002701983b670 Exception <a 'sun/nio/fs/WindowsException'{0x00000007382048e8}> (0x00000007382048e8) 
thrown [s\src\hotspot\share\prims\jni.cpp, line 537]
Event: 314.815 Thread 0x000002701983b670 Exception <a 'sun/nio/fs/WindowsException'{0x0000000735c04d90}> (0x0000000735c04d90) 
thrown [s\src\hotspot\share\prims\jni.cpp, line 537]
Event: 314.945 Thread 0x000002701983b670 Exception <a 'sun/nio/fs/WindowsException'{0x0000000735a044d8}> (0x0000000735a044d8) 
thrown [s\src\hotspot\share\prims\jni.cpp, line 537]
Event: 314.970 Thread 0x000002701983b670 Exception <a 'sun/nio/fs/WindowsException'{0x0000000735b8f168}> (0x0000000735b8f168) 
thrown [s\src\hotspot\share\prims\jni.cpp, line 537]
Event: 315.234 Thread 0x000002701983b670 Exception <a 'sun/nio/fs/WindowsException'{0x00000007357898e8}> (0x00000007357898e8) 
thrown [s\src\hotspot\share\prims\jni.cpp, line 537]
Event: 315.398 Thread 0x000002701983b670 Exception <a 'sun/nio/fs/WindowsException'{0x0000000735201280}> (0x0000000735201280) 
thrown [s\src\hotspot\share\prims\jni.cpp, line 537]

ZGC Phase Switch (0 events):
No events

VM Operations (20 events):
Event: 305.752 Executing safepoint VM operation: Cleanup
Event: 305.753 Executing safepoint VM operation: Cleanup done
Event: 307.135 Executing safepoint VM operation: G1CollectForAllocation (G1 Evacuation Pause)
Event: 307.151 Executing safepoint VM operation: G1CollectForAllocation (G1 Evacuation Pause) done
Event: 307.838 Executing safepoint VM operation: G1PauseRemark
Event: 307.862 Executing safepoint VM operation: G1PauseRemark done
Event: 308.152 Executing safepoint VM operation: G1PauseCleanup
Event: 308.153 Executing safepoint VM operation: G1PauseCleanup done
Event: 309.154 Executing safepoint VM operation: Cleanup
Event: 309.154 Executing safepoint VM operation: Cleanup done
Event: 310.154 Executing safepoint VM operation: Cleanup
Event: 310.154 Executing safepoint VM operation: Cleanup done
Event: 311.155 Executing safepoint VM operation: Cleanup
Event: 311.155 Executing safepoint VM operation: Cleanup done
Event: 313.156 Executing safepoint VM operation: Cleanup
Event: 313.156 Executing safepoint VM operation: Cleanup done
Event: 314.157 Executing safepoint VM operation: Cleanup
Event: 314.158 Executing safepoint VM operation: Cleanup done
Event: 315.158 Executing safepoint VM operation: Cleanup
Event: 315.158 Executing safepoint VM operation: Cleanup done

Memory protections (0 events):
No events

Nmethod flushes (20 events):
Event: 307.860 Thread 0x0000026fc755de30 flushing  nmethod 0x0000026fb997ea10
Event: 307.860 Thread 0x0000026fc755de30 flushing  nmethod 0x0000026fb9c01990
Event: 307.860 Thread 0x0000026fc755de30 flushing  nmethod 0x0000026fb9c03210
Event: 307.860 Thread 0x0000026fc755de30 flushing osr nmethod 0x0000026fb9ef6910
Event: 307.860 Thread 0x0000026fc755de30 flushing  nmethod 0x0000026fb9f09090
Event: 307.860 Thread 0x0000026fc755de30 flushing  nmethod 0x0000026fb1074810
Event: 307.860 Thread 0x0000026fc755de30 flushing  nmethod 0x0000026fb1112010
Event: 307.860 Thread 0x0000026fc755de30 flushing  nmethod 0x0000026fb12a1b90
Event: 307.860 Thread 0x0000026fc755de30 flushing  nmethod 0x0000026fb12ee590
Event: 307.860 Thread 0x0000026fc755de30 flushing  nmethod 0x0000026fb15b6a90
Event: 307.860 Thread 0x0000026fc755de30 flushing  nmethod 0x0000026fb19a8110
Event: 307.860 Thread 0x0000026fc755de30 flushing  nmethod 0x0000026fb1f22810
Event: 307.860 Thread 0x0000026fc755de30 flushing  nmethod 0x0000026fb1fa5710
Event: 307.860 Thread 0x0000026fc755de30 flushing  nmethod 0x0000026fb213d410
Event: 307.860 Thread 0x0000026fc755de30 flushing  nmethod 0x0000026fb225bc90
Event: 307.860 Thread 0x0000026fc755de30 flushing  nmethod 0x0000026fb23c4910
Event: 307.860 Thread 0x0000026fc755de30 flushing  nmethod 0x0000026fb23ca610
Event: 307.860 Thread 0x0000026fc755de30 flushing  nmethod 0x0000026fb2898f10
Event: 307.860 Thread 0x0000026fc755de30 flushing  nmethod 0x0000026fb2996210
Event: 307.860 Thread 0x0000026fc755de30 flushing  nmethod 0x0000026fb2ad8a90

Events (20 events):
Event: 250.528 Thread 0x0000026fc7591c00 Thread added: 0x000002700eaa9830
Event: 251.408 Thread 0x000002700eaa9830 Thread exited: 0x000002700eaa9830
Event: 252.109 Thread 0x0000026fc7591c00 Thread added: 0x000002700eaaba40
Event: 252.374 Thread 0x000002700eaaba40 Thread exited: 0x000002700eaaba40
Event: 269.712 Thread 0x0000026fc7591c00 Thread added: 0x000002700eaa9830
Event: 269.862 Thread 0x000002700eaa9830 Thread exited: 0x000002700eaa9830
Event: 270.293 Thread 0x0000026fc7591c00 Thread added: 0x000002700eaaa5d0
Event: 270.674 Thread 0x000002700eaaa5d0 Thread exited: 0x000002700eaaa5d0
Event: 275.130 Thread 0x0000026fc7591c00 Thread added: 0x000002700eaa9f00
Event: 275.408 Thread 0x000002700eaa9f00 Thread exited: 0x000002700eaa9f00
Event: 285.556 Thread 0x0000026fc7591c00 Thread added: 0x000002700eaa7620
Event: 285.903 Thread 0x000002700eaa7620 Thread exited: 0x000002700eaa7620
Event: 292.106 Thread 0x0000026fc7591c00 Thread added: 0x000002700eaa9f00
Event: 292.462 Thread 0x000002700eaa9f00 Thread exited: 0x000002700eaa9f00
Event: 293.333 Thread 0x0000026fc7591c00 Thread added: 0x000002700eaa83c0
Event: 293.689 Thread 0x000002700eaa83c0 Thread exited: 0x000002700eaa83c0
Event: 295.106 Thread 0x0000026fc7591c00 Thread added: 0x000002700eaa9f00
Event: 295.346 Thread 0x000002700eaa9f00 Thread exited: 0x000002700eaa9f00
Event: 297.391 Thread 0x0000026fc7591c00 Thread added: 0x000002700eaaa5d0
Event: 298.062 Thread 0x000002700eaaa5d0 Thread exited: 0x000002700eaaa5d0


Dynamic libraries:
0x00007ff7c49b0000 - 0x00007ff7c49ba000 	C:\Softwares\MCreator\jdk\bin\java.exe
0x00007ffa0e3e0000 - 0x00007ffa0e647000 	C:\Windows\SYSTEM32\ntdll.dll
0x00007ffa0c940000 - 0x00007ffa0ca09000 	C:\Windows\System32\KERNEL32.DLL
0x00007ffa0ae20000 - 0x00007ffa0b214000 	C:\Windows\System32\KERNELBASE.dll
0x00007ffa0bef0000 - 0x00007ffa0c03b000 	C:\Windows\System32\ucrtbase.dll
0x00007ff9d6d80000 - 0x00007ff9d6d9b000 	C:\Softwares\MCreator\jdk\bin\VCRUNTIME140.dll
0x00007ff9d8e30000 - 0x00007ff9d8e48000 	C:\Softwares\MCreator\jdk\bin\jli.dll
0x00007ffa0ce20000 - 0x00007ffa0cfe5000 	C:\Windows\System32\USER32.dll
0x00007ffa0bc90000 - 0x00007ffa0bcb7000 	C:\Windows\System32\win32u.dll
0x00007ff9f3aa0000 - 0x00007ff9f3d33000 	C:\Windows\WinSxS\amd64_microsoft.windows.common-controls_6595b64144ccf1df_6.0.26100.8115_none_3e075c82e3354f9c\COMCTL32.dll
0x00007ffa0c880000 - 0x00007ffa0c8ab000 	C:\Windows\System32\GDI32.dll
0x00007ffa0cd70000 - 0x00007ffa0ce19000 	C:\Windows\System32\msvcrt.dll
0x00007ffa0c040000 - 0x00007ffa0c16b000 	C:\Windows\System32\gdi32full.dll
0x00007ffa0be40000 - 0x00007ffa0bee3000 	C:\Windows\System32\msvcp_win.dll
0x00007ffa0c7c0000 - 0x00007ffa0c7f2000 	C:\Windows\System32\IMM32.DLL
0x00007ff9dc030000 - 0x00007ff9dc03c000 	C:\Softwares\MCreator\jdk\bin\vcruntime140_1.dll
0x00007ff92dd30000 - 0x00007ff92ddbd000 	C:\Softwares\MCreator\jdk\bin\msvcp140.dll
0x00007ff92cf60000 - 0x00007ff92dd2d000 	C:\Softwares\MCreator\jdk\bin\server\jvm.dll
0x00007ffa0ccb0000 - 0x00007ffa0cd66000 	C:\Windows\System32\ADVAPI32.dll
0x00007ffa0da20000 - 0x00007ffa0dac7000 	C:\Windows\System32\sechost.dll
0x00007ffa0c300000 - 0x00007ffa0c418000 	C:\Windows\System32\RPCRT4.dll
0x00007ffa0c270000 - 0x00007ffa0c2f0000 	C:\Windows\System32\WS2_32.dll
0x00007ffa0a9d0000 - 0x00007ffa0aa2e000 	C:\Windows\SYSTEM32\POWRPROF.dll
0x00007ff9fef20000 - 0x00007ff9fef56000 	C:\Windows\SYSTEM32\WINMM.dll
0x00007ffa09140000 - 0x00007ffa0914b000 	C:\Windows\SYSTEM32\VERSION.dll
0x00007ffa0a9b0000 - 0x00007ffa0a9c4000 	C:\Windows\SYSTEM32\UMPDC.dll
0x00007ffa09680000 - 0x00007ffa0969b000 	C:\Windows\SYSTEM32\kernel.appcore.dll
0x00007ff9dbc50000 - 0x00007ff9dbc5a000 	C:\Softwares\MCreator\jdk\bin\jimage.dll
0x00007ffa07bb0000 - 0x00007ffa07df2000 	C:\Windows\SYSTEM32\DBGHELP.DLL
0x00007ffa0d620000 - 0x00007ffa0d9a2000 	C:\Windows\System32\combase.dll
0x00007ffa0cbd0000 - 0x00007ffa0cca8000 	C:\Windows\System32\OLEAUT32.dll
0x00007ff9ea890000 - 0x00007ff9ea8cb000 	C:\Windows\SYSTEM32\dbgcore.DLL
0x00007ffa0bbe0000 - 0x00007ffa0bc85000 	C:\Windows\System32\bcryptPrimitives.dll
0x00007ff9d1530000 - 0x00007ff9d1550000 	C:\Softwares\MCreator\jdk\bin\java.dll
0x00007ffa0dc30000 - 0x00007ffa0e397000 	C:\Windows\System32\SHELL32.dll
0x00007ffa0acb0000 - 0x00007ffa0ae1a000 	C:\Windows\System32\wintypes.dll
0x00007ffa0b220000 - 0x00007ffa0ba88000 	C:\Windows\System32\windows.storage.dll
0x00007ffa0cad0000 - 0x00007ffa0cbc8000 	C:\Windows\System32\SHCORE.dll
0x00007ffa0d9b0000 - 0x00007ffa0da16000 	C:\Windows\System32\shlwapi.dll
0x00007ffa0aa90000 - 0x00007ffa0aab9000 	C:\Windows\SYSTEM32\profapi.dll
0x00007ff92bce0000 - 0x00007ff92bdb7000 	C:\Softwares\MCreator\jdk\bin\jsvml.dll
0x00007ff9d8c90000 - 0x00007ff9d8ca0000 	C:\Softwares\MCreator\jdk\bin\net.dll
0x00007ffa096a0000 - 0x00007ffa097cd000 	C:\Windows\SYSTEM32\WINHTTP.dll
0x00007ffa09e10000 - 0x00007ffa09e7c000 	C:\Windows\system32\mswsock.dll
0x00007ff9af8b0000 - 0x00007ff9af8c6000 	C:\Softwares\MCreator\jdk\bin\nio.dll
0x00007ff99de10000 - 0x00007ff99de28000 	C:\Softwares\MCreator\jdk\bin\zip.dll
0x00007ff9d7450000 - 0x00007ff9d7459000 	C:\Softwares\MCreator\jdk\bin\management.dll
0x00007ff9d7090000 - 0x00007ff9d709b000 	C:\Softwares\MCreator\jdk\bin\management_ext.dll
0x00007ffa0c4f0000 - 0x00007ffa0c4f8000 	C:\Windows\System32\PSAPI.DLL
0x00007ff9e2a90000 - 0x00007ff9e2aa8000 	C:\Windows\system32\napinsp.dll
0x00007ffa08c30000 - 0x00007ffa08d62000 	C:\Windows\SYSTEM32\DNSAPI.dll
0x00007ffa08aa0000 - 0x00007ffa08ad2000 	C:\Windows\SYSTEM32\IPHLPAPI.DLL
0x00007ffa0c580000 - 0x00007ffa0c58a000 	C:\Windows\System32\NSI.dll
0x00007ff9e2a70000 - 0x00007ff9e2a83000 	C:\Windows\System32\winrnr.dll
0x00007ff9e2a40000 - 0x00007ff9e2a62000 	C:\Windows\system32\nlansp_c.dll
0x00007ff9e2a20000 - 0x00007ff9e2a36000 	C:\Windows\system32\wshbth.dll
0x00007ff9fd4f0000 - 0x00007ff9fd4fb000 	C:\Windows\System32\rasadhlp.dll
0x00007ffa04580000 - 0x00007ffa04606000 	C:\Windows\System32\fwpuclnt.dll
0x00007ffa0a210000 - 0x00007ffa0a22b000 	C:\Windows\SYSTEM32\CRYPTSP.dll
0x00007ffa095e0000 - 0x00007ffa09619000 	C:\Windows\system32\rsaenh.dll
0x00007ffa09ec0000 - 0x00007ffa09ef3000 	C:\Windows\SYSTEM32\USERENV.dll
0x00007ffa0aa60000 - 0x00007ffa0aa8a000 	C:\Windows\SYSTEM32\bcrypt.dll
0x00007ffa0a1f0000 - 0x00007ffa0a1fc000 	C:\Windows\SYSTEM32\CRYPTBASE.dll
0x00007ff9cae30000 - 0x00007ff9cae39000 	C:\Softwares\MCreator\jdk\bin\extnet.dll
0x00007ff9acc50000 - 0x00007ff9acc60000 	C:\Softwares\MCreator\jdk\bin\verify.dll
0x00007ff9fb510000 - 0x00007ff9fb566000 	C:\Windows\SYSTEM32\pdh.dll
0x00007ff9e7480000 - 0x00007ff9e7492000 	C:\Windows\System32\perfproc.dll
0x00007ff9a44d0000 - 0x00007ff9a454b000 	C:\Users\gr315083\AppData\Local\Temp\lwjgl_gr315083\3.3.3+5\x64\lwjgl.dll
0x00007ff9a4440000 - 0x00007ff9a44c2000 	C:\Users\gr315083\AppData\Local\Temp\lwjgl_gr315083\3.3.3+5\x64\glfw.dll
0x00007ff9a5c00000 - 0x00007ff9a5c4b000 	C:\Windows\SYSTEM32\dinput8.dll
0x00007ffa02520000 - 0x00007ffa0253e000 	C:\Windows\SYSTEM32\xinput1_4.dll
0x00007ffa0a6e0000 - 0x00007ffa0a731000 	C:\Windows\SYSTEM32\cfgmgr32.dll
0x00007ffa0a6b0000 - 0x00007ffa0a6dd000 	C:\Windows\SYSTEM32\DEVOBJ.dll
0x00007ffa07a20000 - 0x00007ffa07a4f000 	C:\Windows\SYSTEM32\dwmapi.dll
0x00007ff9f9030000 - 0x00007ff9f9213000 	C:\Windows\SYSTEM32\inputhost.dll
0x00007ffa071d0000 - 0x00007ffa072f7000 	C:\Windows\SYSTEM32\CoreMessaging.dll
0x00007ffa077a0000 - 0x00007ffa07849000 	C:\Windows\system32\uxtheme.dll
0x00007ffa0dad0000 - 0x00007ffa0dc2c000 	C:\Windows\System32\MSCTF.dll
0x00007ff9955a0000 - 0x00007ff9956af000 	C:\Windows\SYSTEM32\opengl32.dll
0x00007ff9950c0000 - 0x00007ff9950ed000 	C:\Windows\SYSTEM32\GLU32.dll
0x00007ffa07a70000 - 0x00007ffa07ab3000 	C:\Windows\SYSTEM32\dxcore.dll
0x00007ffa03d90000 - 0x00007ffa03df1000 	C:\Windows\SYSTEM32\directxdatabasehelper.dll
0x00007ff9f9650000 - 0x00007ff9f966d000 	C:\Windows\SYSTEM32\windows.staterepositorycore.dll
0x00007ff994c40000 - 0x00007ff994c70000 	C:\Windows\System32\DriverStore\FileRepository\u0200433.inf_amd64_4972d231f4dc3f24\B025963\atig6pxx.dll
0x00007ff973930000 - 0x00007ff97775f000 	C:\Windows\System32\DriverStore\FileRepository\u0200433.inf_amd64_4972d231f4dc3f24\B025963\atio6axx.dll
0x00007ffa0d480000 - 0x00007ffa0d617000 	C:\Windows\System32\ole32.dll
0x00007ffa0cff0000 - 0x00007ffa0d477000 	C:\Windows\System32\SETUPAPI.dll
0x00007ffa0ba90000 - 0x00007ffa0bb12000 	C:\Windows\System32\WINTRUST.dll
0x00007ffa0bcc0000 - 0x00007ffa0be37000 	C:\Windows\System32\CRYPT32.dll
0x00007ffa0a270000 - 0x00007ffa0a283000 	C:\Windows\SYSTEM32\MSASN1.dll
0x00007ff9fd5d0000 - 0x00007ff9fd60c000 	C:\Windows\System32\DriverStore\FileRepository\u0200433.inf_amd64_4972d231f4dc3f24\B025963\amdihk64.dll
0x00007ff972480000 - 0x00007ff9726f0000 	C:\Users\gr315083\AppData\Local\Temp\lwjgl_gr315083\3.3.3+5\x64\jemalloc.dll
0x00007ff9a43b0000 - 0x00007ff9a4432000 	C:\Users\gr315083\AppData\Local\Temp\lwjgl_gr315083\3.3.3+5\x64\lwjgl_stb.dll
0x00007ffa03fc0000 - 0x00007ffa0407f000 	C:\Windows\SYSTEM32\mscms.dll
0x00007ff9a4360000 - 0x00007ff9a43a9000 	C:\Windows\SYSTEM32\icm32.dll
0x00007ff9f7b30000 - 0x00007ff9f7c78000 	C:\Windows\SYSTEM32\textinputframework.dll
0x00007ffa02ef0000 - 0x00007ffa031d2000 	C:\Windows\SYSTEM32\CoreUIComponents.dll
0x00007ff9a4300000 - 0x00007ff9a435e000 	C:\Users\gr315083\AppData\Local\Temp\lwjgl_gr315083\3.3.3+5\x64\lwjgl_opengl.dll
0x00007ff9a42b0000 - 0x00007ff9a42f5000 	C:\Users\gr315083\AppData\Local\Temp\jna--1275991329\jna9480157516370051426.dll
0x00007ffa0ca10000 - 0x00007ffa0cabe000 	C:\Windows\System32\clbcatq.dll
0x00007ff9e8f00000 - 0x00007ff9e8f1d000 	C:\Windows\SYSTEM32\amsi.dll
0x00007ff9e34e0000 - 0x00007ff9e3582000 	C:\ProgramData\Microsoft\Windows Defender\Platform\4.18.26030.3011-0\MpOav.dll
0x00007ff9cb0e0000 - 0x00007ff9cb0ee000 	C:\Softwares\MCreator\jdk\bin\sunmscapi.dll
0x00007ffa0a370000 - 0x00007ffa0a3a0000 	C:\Windows\SYSTEM32\ncrypt.dll
0x00007ffa0a320000 - 0x00007ffa0a35f000 	C:\Windows\SYSTEM32\NTASN1.dll
0x00007ff9a4090000 - 0x00007ff9a4257000 	C:\Users\gr315083\AppData\Local\Temp\lwjgl_gr315083\3.3.3+5\x64\OpenAL.dll
0x00007ff9fb3c0000 - 0x00007ff9fb457000 	C:\Windows\System32\MMDevApi.dll
0x00007ff9e1940000 - 0x00007ff9e1ab3000 	C:\Windows\System32\Speech\Common\sapi.dll
0x00007ffa03a60000 - 0x00007ffa03a68000 	C:\Windows\system32\wshunix.dll
0x00007ff9fa240000 - 0x00007ff9fa3f2000 	C:\Windows\SYSTEM32\AUDIOSES.DLL
0x00007ffa082c0000 - 0x00007ffa082d4000 	C:\Windows\SYSTEM32\resourcepolicyclient.dll

JVMTI agents: none

dbghelp: loaded successfully - version: 4.0.5 - missing functions: none
symbol engine: initialized successfully - sym options: 0x614 - pdb path: .;C:\Softwares\MCreator\jdk\bin;C:\Windows\SYSTEM32;C:\Windows\WinSxS\amd64_microsoft.windows.common-controls_6595b64144ccf1df_6.0.26100.8115_none_3e075c82e3354f9c;C:\Softwares\MCreator\jdk\bin\server;C:\Users\gr315083\AppData\Local\Temp\lwjgl_gr315083\3.3.3+5\x64;C:\Windows\System32\DriverStore\FileRepository\u0200433.inf_amd64_4972d231f4dc3f24\B025963;C:\Users\gr315083\AppData\Local\Temp\jna--1275991329;C:\ProgramData\Microsoft\Windows Defender\Platform\4.18.26030.3011-0;C:\Windows\System32\Speech\Common

VM Arguments:
jvm_args: -Dfml.modFolders=mcreator%%C:\Softwares\MCreatorWorkspaces\diddyblud\build\classes\java\main;mcreator%%C:\Softwares\MCreatorWorkspaces\diddyblud\build\resources\main --module-path=C:\\Users\\gr315083\\.mcreator\\gradle\\caches\\modules-2\\files-2.1\\net.neoforged\\JarJarFileSystems\\0.4.1\\78f59f89defcd032ed788b151ca6a0d40ace796a\\JarJarFileSystems-0.4.1.jar;C:\\Users\\gr315083\\.mcreator\\gradle\\caches\\modules-2\\files-2.1\\cpw.mods\\bootstraplauncher\\2.0.2\\1a2d076cbc33b0520cbacd591224427b2a20047d\\bootstraplauncher-2.0.2.jar;C:\\Users\\gr315083\\.mcreator\\gradle\\caches\\modules-2\\files-2.1\\cpw.mods\\securejarhandler\\3.0.8\\c0ef95cecd8699a0449053ac7d9c160748d902cd\\securejarhandler-3.0.8.jar;C:\\Users\\gr315083\\.mcreator\\gradle\\caches\\modules-2\\files-2.1\\org.ow2.asm\\asm-commons\\9.8\\36e4d212970388e5bd2c5180292012502df461bb\\asm-commons-9.8.jar;C:\\Users\\gr315083\\.mcreator\\gradle\\caches\\modules-2\\files-2.1\\org.ow2.asm\\asm-util\\9.8\\395f1c1f035258511f27bc9b2583d76e4b143f59\\asm-util-9.8.jar;C:\\Users\\gr315083\\.mcreator\\gradle\\caches\\modules-2\\files-2.1\\org.ow2.asm\\asm-analysis\\9.8\\b9747a320844b6cb1eacd90d8ecfd260a16c01d3\\asm-analysis-9.8.jar;C:\\Users\\gr315083\\.mcreator\\gradle\\caches\\modules-2\\files-2.1\\org.ow2.asm\\asm-tree\\9.8\\18419ca5b77a2f81097c741e7872e6ab8d2f40d\\asm-tree-9.8.jar;C:\\Users\\gr315083\\.mcreator\\gradle\\caches\\modules-2\\files-2.1\\org.ow2.asm\\asm\\9.8\\dc19ecb3f7889b7860697215cae99c0f9b6f6b4b\\asm-9.8.jar --add-modules=ALL-MODULE-PATH --add-opens=java.base/java.util.jar=cpw.mods.securejarhandler --add-opens=java.base/java.lang.invoke=cpw.mods.securejarhandler --add-exports=java.base/sun.security.util=cpw.mods.securejarhandler --add-exports=jdk.naming.dns/com.sun.jndi.dns=java.naming -Dcom.sun.management.jmxremote.port=1099 -Dcom.sun.management.jmxremote.local.only=true -Dcom.sun.management.jmxremote.ssl=false -Dcom.sun.management.jmxremote.authenticate=false -Dlog4j2.configurationFile=C:\\Softwares\\MCreatorWorkspaces\\diddyblud\\build\\moddev\\clientLog4j2.xml -Djava.net.preferIPv6Addresses=system -DignoreList=mixinextras-neoforge-0.4.1.jar,client-extra,neoforge- -DlegacyClassPath.file=C:\\Softwares\\MCreatorWorkspaces\\diddyblud\\build\\moddev\\clientLegacyClasspath.txt -Dneoforge.enableGameTest=true -Dforge.logging.markers=REGISTRIES -Dfile.encoding=UTF-8 -Duser.country=US -Duser.language=en -Duser.variant 
java_command: net.neoforged.devlaunch.Main @C:\\Softwares\\MCreatorWorkspaces\\diddyblud\\build\\moddev\\clientRunProgramArgs.txt
java_class_path (initial): C:\Softwares\MCreatorWorkspaces\diddyblud\build\classes\java\main;C:\Softwares\MCreatorWorkspaces\diddyblud\build\resources\main;C:\Softwares\MCreatorWorkspaces\diddyblud\build\moddev\artifacts\neoforge-21.1.190.jar;C:\Softwares\MCreatorWorkspaces\diddyblud\build\moddev\artifacts\neoforge-21.1.190-client-extra-aka-minecraft-resources.jar;C:\Users\gr315083\.mcreator\gradle\caches\modules-2\files-2.1\net.neoforged\DevLaunch\1.0.2\2e0e9a67793d5bfdedee4f9ea00934dbf3f2e22d\DevLaunch-1.0.2.jar;C:\Users\gr315083\.mcreator\gradle\caches\modules-2\files-2.1\net.neoforged.fancymodloader\earlydisplay\4.0.41\53dfbd387ed1b88c7d144bdb6551b7f57d5da6d7\earlydisplay-4.0.41.jar;C:\Users\gr315083\.mcreator\gradle\caches\modules-2\files-2.1\net.neoforged.fancymodloader\loader\4.0.41\3aebc81b9347fa87bb629ffaed20276f2a4c944e\loader-4.0.41.jar;C:\Users\gr315083\.mcreator\gradle\caches\modules-2\files-2.1\net.neoforged.accesstransformers\at-modlauncher\10.0.1\5aba50202aceead086bc09fbc2751c9f05cb4890\at-modlauncher-10.0.1.jar;C:\Users\gr315083\.mcreator\gradle\caches\modules-2\files-2.1\net.neoforged\accesstransformers\10.0.1\fd83b5725f76eae9115e9355fa1c456a6a441400\accesstransformers-10.0.1.jar;C:\Users\gr315083\.mcreator\gradle\caches\modules-2\files-2.1\net.neoforged\bus\8.0.5\5b2d33285ab5d1554e9798ad98c40d6ea3868bd5\bus-8.0.5.jar;C:\Users\gr315083\.mcreator\gradle\caches\modules-2\files-2.1\net.neoforged\coremods\7.0.3\9147e6f638b4272b3bd5fc8f92ad37802512c6c\coremods-7.0.3.jar;C:\Users\gr315083\.mcreator\gradle\caches\modules-2\files-2.1\cpw.mods\modlauncher\11.0.5\b8f0d49294f733fdb6173931b263553e943dc950\modlauncher-11.0.5.jar;C:\Users\gr315083\.mcreator\gradle\caches\modules-2\files-2.1\net.neoforged\mergetool\2.0.0\52fe1949be64e3303aabaaa21e315f551db9c9f4\mergetool-2.0.0-api.jar;C:\Users\gr315083\.mcreator\gradle\caches\modules-2\files-2.1\com.electronwill.night-config\toml\3.8.2\c128842f759692f613ea6c3ef0ef052273bbb38c\toml-3.8.2.jar;C:\Users\gr315083\.mcreator\gradle\caches\modules-2\files-2.1\com.electronwill.night-config\core\3.8.2\94eee571e1524129804d08c75f6416a3be380ad4\core-3.8.2.jar;C:\Users\gr315083\.mcreator\gradle\caches\modules-2\files-2.1\net.neoforged\JarJarSelector\0.4.1\fb3cc7a58af22ad2880adb98af6d518128c47dae\JarJarSelector-0.4.1.jar;C:\Users\gr315083\.mcreator\gradle\caches\modules-2\files-2.1\net.neoforged\JarJarMetadata\0.4.1\f8da03683dc81694556dc3e177c5e3bb77ae6fcb\JarJarMetadata-0.4.1.jar;C:\Users\gr315083\.mcreator\gradle\caches\modules-2\files-2.1\org.apache.maven\maven-artifact\3.8.5\4433f50c07debefaed0553bd0068f4f48d449313\maven-artifact-3.8.5.jar;C:\Users\gr315083\.mcreator\gradle\caches\modules-2\files-2.1\net.jodah\typetools\0.6.3\a01aaa6ddaea9ec07ec4f209487b7a46a526283a\typetools-0.6.3.jar;C:\Users\gr315083\.mcreator\gradle\caches\modules-2\files-2.1\net.minecrell\terminalconsoleappender\1.3.0\b562e9bb61235c9520e26282cdee71f8f802d1fc\terminalconsoleappender-1.3.0.jar;C:\Users\gr315083\.mcreator\gradle\caches\modules-2\files-2.1\net.fabricmc\sponge-mixin\0.15.2+mixin.0.8.7\2af2f021d8e02a0220dc27a7a72b4666d66d44ca\sponge-mixin-0.15.2+mixin.0.8.7.jar;C:\Users\gr315083\.mcreator\gradle\caches\modules-2\files-2.1\org.openjdk.nashorn\nashorn-core\15.4\f67f5ffaa5f5130cf6fb9b133da00c7df3b532a5\nashorn-core-15.4.jar;C:\Users\gr315083\.mcreator\gradle\caches\modules-2\files-2.1\org.apache.commons\commons-lang3\3.14.0\1ed471194b02f2c6cb734a0cd6f6f107c673afae\commons-lang3-3.14.0.jar;C:\Users\gr315083\.mcreator\gradle\caches\modules-2\files-2.1\cpw.mods\bootstraplauncher\2.0.2\1a2d076cbc33b0520cbacd591224427b2a20047d\bootstraplauncher-2.0.2.jar;C:\Users\gr315083\.mcreator\gradle\caches\modules-2\files-2.1\cpw.mods\securejarhandler\3.0.8\c0ef95cecd8699a0449053ac7d9c160748d902cd\securejarhandler-3.0.8.jar;C:\Users\gr315083\.mcreator\gradle\caches\modules-2\files-2.1\org.ow2.asm\asm-commons\9.8\36e4d212970388e5bd2c5180292012502df461bb\asm-commons-9.8.jar;C:\Users\gr315083\.mcreator\gradle\caches\modules-2\files-2.1\org.ow2.asm\asm-util\9.8\395f1c1f035258511f27bc9b2583d76e4b143f59\asm-util-9.8.jar;C:\Users\gr315083\.mcreator\gradle\caches\modules-2\files-2.1\org.ow2.asm\asm-analysis\9.8\b9747a320844b6cb1eacd90d8ecfd260a16c01d3\asm-analysis-9.8.jar;C:\Users\gr315083\.mcreator\gradle\caches\modules-2\files-2.1\org.ow2.asm\asm-tree\9.8\18419ca5b77a2f81097c741e7872e6ab8d2f40d\asm-tree-9.8.jar;C:\Users\gr315083\.mcreator\gradle\caches\modules-2\files-2.1\org.ow2.asm\asm\9.8\dc19ecb3f7889b7860697215cae99c0f9b6f6b4b\asm-9.8.jar;C:\Users\gr315083\.mcreator\gradle\caches\modules-2\files-2.1\net.neoforged\JarJarFileSystems\0.4.1\78f59f89defcd032ed788b151ca6a0d40ace796a\JarJarFileSystems-0.4.1.jar;C:\Users\gr315083\.mcreator\gradle\caches\modules-2\files-2.1\net.sf.jopt-simple\jopt-simple\5.0.4\4fdac2fbe92dfad86aa6e9301736f6b4342a3f5c\jopt-simple-5.0.4.jar;C:\Users\gr315083\.mcreator\gradle\caches\modules-2\files-2.1\commons-io\commons-io\2.15.1\f11560da189ab563a5c8e351941415430e9304ea\commons-io-2.15.1.jar;C:\Users\gr315083\.mcreator\gradle\caches\modules-2\files-2.1\com.mojang\logging\1.2.7\24cb95ffb0e3433fd6e844c04e68009e504ca1c0\logging-1.2.7.jar;C:\Users\gr315083\.mcreator\gradle\caches\modules-2\files-2.1\org.apache.logging.log4j\log4j-slf4j2-impl\2.22.1\d7e6693c2606cb7e7335047d7bb96dec52db5665\log4j-slf4j2-impl-2.22.1.jar;C:\Users\gr315083\.mcreator\gradle\caches\modules-2\files-2.1\org.apache.logging.log4j\log4j-core\2.22.1\7183a25510a02ad00cc6a95d3b3d2a7d3c5a8dc4\log4j-core-2.22.1.jar;C:\Users\gr315083\.mcreator\gradle\caches\modules-2\files-2.1\org.apache.logging.log4j\log4j-api\2.22.1\bea6fede6328fabafd7e68363161a7ea6605abd1\log4j-api-2.22.1.jar;C:\Users\gr315083\.mcreator\gradle\caches\modules-2\files-2.1\com.google.guava\guava\32.1.2-jre\5e64ec7e056456bef3a4bc4c6fdaef71e8ab6318\guava-32.1.2-jre.jar;C:\Users\gr315083\.mcreator\gradle\caches\modules-2\files-2.1\com.google.code.gson\gson\2.10.1\b3add478d4382b78ea20b1671390a858002feb6c\gson-2.10.1.jar;C:\Users\gr315083\.mcreator\gradle\caches\modules-2\files-2.1\org.slf4j\slf4j-api\2.0.9\7cf2726fdcfbc8610f9a71fb3ed639871f315340\slf4j-api-2.0.9.jar;C:\Users\gr315083\.mcreator\gradle\caches\modules-2\files-2.1\org.antlr\antlr4-runtime\4.13.1\17125bae1d965624e265ef49552f6465a2bfa307\antlr4-runtime-4.13.1.jar;C:\Users\gr315083\.mcreator\gradle\caches\modules-2\files-2.1\net.minecraftforge\srgutils\0.4.15\ca408b131759478f164e010fae0d73997e125fb5\srgutils-0.4.15.jar;C:\Users\gr315083\.mcreator\gradle\caches\modules-2\files-2.1\org.codehaus.plexus\plexus-utils\3.3.0\cf43b5391de623b36fe066a21127baef82c64022\plexus-utils-3.3.0.jar;C:\Users\gr315083\.mcreator\gradle\caches\modules-2\files-2.1\org.jline\jline-reader\3.20.0\8f15415b022a25b473e8e16c28ae913186ffb9c4\jline-reader-3.20.0.jar;C:\Users\gr315083\.mcreator\gradle\caches\modules-2\files-2.1\com.machinezoo.noexception\noexception\1.7.1\b65330c98e38a1f915fa54a6e5eca496505e3f0a\noexception-1.7.1.jar;C:\Users\gr315083\.mcreator\gradle\caches\modules-2\files-2.1\com.google.guava\failureaccess\1.0.1\1dcf1de382a0bf95a3d8b0849546c88bac1292c9\failureaccess-1.0.1.jar;C:\Users\gr315083\.mcreator\gradle\caches\modules-2\files-2.1\com.google.guava\listenablefuture\9999.0-empty-to-avoid-conflict-with-guava\b421526c5f297295adef1c886e5246c39d4ac629\listenablefuture-9999.0-empty-to-avoid-conflict-with-guava.jar;C:\Users\gr315083\.mcreator\gradle\caches\modules-2\files-2.1\com.google.code.findbugs\jsr305\3.0.2\25ea2e8b0c338a877313bd4672d3fe056ea78f0d\jsr305-3.0.2.jar;C:\Users\gr315083\.mcreator\gradle\caches\modules-2\files-2.1\org.checkerframework\checker-qual\3.33.0\de2b60b62da487644fc11f734e73c8b0b431238f\checker-qual-3.33.0.jar;C:\Users\gr315083\.mcreator\gradle\caches\modules-2\files-2.1\com.google.errorprone\error_prone_annotations\2.18.0\89b684257096f548fa39a7df9fdaa409d4d4df91\error_prone_annotations-2.18.0.jar;C:\Users\gr315083\.mcreator\gradle\caches\modules-2\files-2.1\com.google.j2objc\j2objc-annotations\2.8\c85270e307e7b822f1086b93689124b89768e273\j2objc-annotations-2.8.jar;C:\Users\gr315083\.mcreator\gradle\caches\modules-2\files-2.1\org.jline\jline-terminal\3.20.0\d0ddcc708ddf527a3454c941b7b9225cc83a15ff\jline-terminal-3.20.0.jar;C:\Users\gr315083\.mcreator\gradle\caches\modules-2\files-2.1\com.github.oshi\oshi-core\6.4.10\b1d8ab82d11d92fd639b56d639f8f46f739dd5fa\oshi-core-6.4.10.jar;C:\Users\gr315083\.mcreator\gradle\caches\modules-2\files-2.1\com.ibm.icu\icu4j\73.2\61ad4ef7f9131fcf6d25c34b817f90d6da06c9e9\icu4j-73.2.jar;C:\Users\gr315083\.mcreator\gradle\caches\modules-2\files-2.1\com.mojang\authlib\6.0.54\de8bc95660e1b2fe8793fd427a7a10dcec5b3ea7\authlib-6.0.54.jar;C:\Users\gr315083\.mcreator\gradle\caches\modules-2\files-2.1\com.mojang\blocklist\1.0.10\5c685c5ffa94c4cd39496c7184c1d122e515ecef\blocklist-1.0.10.jar;C:\Users\gr315083\.mcreator\gradle\caches\modules-2\files-2.1\com.mojang\brigadier\1.3.10\d15b53a14cf20fdcaa98f731af5dda654452c010\brigadier-1.3.10.jar;C:\Users\gr315083\.mcreator\gradle\caches\modules-2\files-2.1\com.mojang\datafixerupper\8.0.16\67d4de6d7f95d89bcf5862995fb854ebaec02a34\datafixerupper-8.0.16.jar;C:\Users\gr315083\.mcreator\gradle\caches\modules-2\files-2.1\com.mojang\patchy\2.2.10\da05971b07cbb379d002cf7eaec6a2048211fefc\patchy-2.2.10.jar;C:\Users\gr315083\.mcreator\gradle\caches\modules-2\files-2.1\com.mojang\text2speech\1.17.9\3cad216e3a7f0c19b4b394388bc9ffc446f13b14\text2speech-1.17.9.jar;C:\Users\gr315083\.mcreator\gradle\caches\modules-2\files-2.1\commons-codec\commons-codec\1.16.0\4e3eb3d79888d76b54e28b350915b5dc3919c9de\commons-codec-1.16.0.jar;C:\Users\gr315083\.mcreator\gradle\caches\modules-2\files-2.1\commons-logging\commons-logging\1.2\4bfc12adfe4842bf07b657f0369c4cb522955686\commons-logging-1.2.jar;C:\Users\gr315083\.mcreator\gradle\caches\modules-2\files-2.1\io.netty\netty-buffer\4.1.97.Final\f8f3d8644afa5e6e1a40a3a6aeb9d9aa970ecb4f\netty-buffer-4.1.97.Final.jar;C:\Users\gr315083\.mcreator\gradle\caches\modules-2\files-2.1\io.netty\netty-codec\4.1.97.Final\384ba4d75670befbedb45c4d3b497a93639c206d\netty-codec-4.1.97.Final.jar;C:\Users\gr315083\.mcreator\gradle\caches\modules-2\files-2.1\io.netty\netty-common\4.1.97.Final\7cceacaf11df8dc63f23d0fb58e9d4640fc88404\netty-common-4.1.97.Final.jar;C:\Users\gr315083\.mcreator\gradle\caches\modules-2\files-2.1\io.netty\netty-handler\4.1.97.Final\abb86c6906bf512bf2b797a41cd7d2e8d3cd7c36\netty-handler-4.1.97.Final.jar;C:\Users\gr315083\.mcreator\gradle\caches\modules-2\files-2.1\io.netty\netty-resolver\4.1.97.Final\cec8348108dc76c47cf87c669d514be52c922144\netty-resolver-4.1.97.Final.jar;C:\Users\gr315083\.mcreator\gradle\caches\modules-2\files-2.1\io.netty\netty-transport-classes-epoll\4.1.97.Final\795da37ded759e862457a82d9d92c4d39ce8ecee\netty-transport-classes-epoll-4.1.97.Final.jar;C:\Users\gr315083\.mcreator\gradle\caches\modules-2\files-2.1\io.netty\netty-transport-native-unix-common\4.1.97.Final\d469d84265ab70095b01b40886cabdd433b6e664\netty-transport-native-unix-common-4.1.97.Final.jar;C:\Users\gr315083\.mcreator\gradle\caches\modules-2\files-2.1\io.netty\netty-transport\4.1.97.Final\f37380d23c9bb079bc702910833b2fd532c9abd0\netty-transport-4.1.97.Final.jar;C:\Users\gr315083\.mcreator\gradle\caches\modules-2\files-2.1\it.unimi.dsi\fastutil\8.5.12\c24946d46824bd528054bface3231d2ecb7e95e8\fastutil-8.5.12.jar;C:\Users\gr315083\.mcreator\gradle\caches\modules-2\files-2.1\net.java.dev.jna\jna-platform\5.14.0\28934d48aed814f11e4c584da55c49fa7032b31b\jna-platform-5.14.0.jar;C:\Users\gr315083\.mcreator\gradle\caches\modules-2\files-2.1\net.java.dev.jna\jna\5.14.0\67bf3eaea4f0718cb376a181a629e5f88fa1c9dd\jna-5.14.0.jar;C:\Users\gr315083\.mcreator\gradle\caches\modules-2\files-2.1\org.apache.commons\commons-compress\1.26.0\659feffdd12280201c8aacb8f7be94f9a883c824\commons-compress-1.26.0.jar;C:\Users\gr315083\.mcreator\gradle\caches\modules-2\files-2.1\org.apache.httpcomponents\httpclient\4.5.13\e5f6cae5ca7ecaac1ec2827a9e2d65ae2869cada\httpclient-4.5.13.jar;C:\Users\gr315083\.mcreator\gradle\caches\modules-2\files-2.1\org.apache.httpcomponents\httpcore\4.4.16\51cf043c87253c9f58b539c9f7e44c8894223850\httpcore-4.4.16.jar;C:\Users\gr315083\.mcreator\gradle\caches\modules-2\files-2.1\org.jcraft\jorbis\0.0.17\8872d22b293e8f5d7d56ff92be966e6dc28ebdc6\jorbis-0.0.17.jar;C:\Users\gr315083\.mcreator\gradle\caches\modules-2\files-2.1\org.joml\joml\1.10.5\22566d58af70ad3d72308bab63b8339906deb649\joml-1.10.5.jar;C:\Users\gr315083\.mcreator\gradle\caches\modules-2\files-2.1\org.lwjgl\lwjgl-freetype\3.3.3\a0db6c84a8becc8ca05f9dbfa985edc348a824c7\lwjgl-freetype-3.3.3.jar;C:\Users\gr315083\.mcreator\gradle\caches\modules-2\files-2.1\org.lwjgl\lwjgl-freetype\3.3.3\81091b006dbb43fab04c8c638e9ac87c51b4096d\lwjgl-freetype-3.3.3-natives-windows.jar;C:\Users\gr315083\.mcreator\gradle\caches\modules-2\files-2.1\org.lwjgl\lwjgl-freetype\3.3.3\82028265a0a2ff33523ca75137ada7dc176e5210\lwjgl-freetype-3.3.3-natives-windows-arm64.jar;C:\Users\gr315083\.mcreator\gradle\caches\modules-2\files-2.1\org.lwjgl\lwjgl-freetype\3.3.3\15a8c1de7f51d07a92eae7ce1222557073a0c0c3\lwjgl-freetype-3.3.3-natives-windows-x86.jar;C:\Users\gr315083\.mcreator\gradle\caches\modules-2\files-2.1\org.lwjgl\lwjgl-glfw\3.3.3\efa1eb78c5ccd840e9f329717109b5e892d72f8e\lwjgl-glfw-3.3.3.jar;C:\Users\gr315083\.mcreator\gradle\caches\modules-2\files-2.1\org.lwjgl\lwjgl-glfw\3.3.3\e449e28b4891fc423c54c85fbc5bb0b9efece67a\lwjgl-glfw-3.3.3-natives-windows.jar;C:\Users\gr315083\.mcreator\gradle\caches\modules-2\files-2.1\org.lwjgl\lwjgl-glfw\3.3.3\f27018dc74f6289574502b46cce55d52817554e2\lwjgl-glfw-3.3.3-natives-windows-arm64.jar;C:\Users\gr315083\.mcreator\gradle\caches\modules-2\files-2.1\org.lwjgl\lwjgl-glfw\3.3.3\32334f3fd5270a59bad9939a93115acb6de36dcf\lwjgl-glfw-3.3.3-natives-windows-x86.jar;C:\Users\gr315083\.mcreator\gradle\caches\modules-2\files-2.1\org.lwjgl\lwjgl-jemalloc\3.3.3\b543467b7ff3c6920539a88ee602d34098628be5\lwjgl-jemalloc-3.3.3.jar;C:\Users\gr315083\.mcreator\gradle\caches\modules-2\files-2.1\org.lwjgl\lwjgl-jemalloc\3.3.3\426222fc027602a5f21b9c0fe79cde6a4c7a011f\lwjgl-jemalloc-3.3.3-natives-windows.jar;C:\Users\gr315083\.mcreator\gradle\caches\modules-2\files-2.1\org.lwjgl\lwjgl-jemalloc\3.3.3\ba1f3fed0ee4be0217eaa41c5bbfb4b9b1383c33\lwjgl-jemalloc-3.3.3-natives-windows-arm64.jar;C:\Users\gr315083\.mcreator\gradle\caches\modules-2\files-2.1\org.lwjgl\lwjgl-jemalloc\3.3.3\f6063b6e0f23be483c5c88d84ce51b39dc69126c\lwjgl-jemalloc-3.3.3-natives-windows-x86.jar;C:\Users\gr315083\.mcreator\gradle\caches\modules-2\files-2.1\org.lwjgl\lwjgl-openal\3.3.3\daada81ceb5fc0c291fbfdd4433cb8d9423577f2\lwjgl-openal-3.3.3.jar;C:\Users\gr315083\.mcreator\gradle\caches\modules-2\files-2.1\org.lwjgl\lwjgl-openal\3.3.3\cf83862ae95d98496b26915024c7e666d8ab1c8f\lwjgl-openal-3.3.3-natives-windows.jar;C:\Users\gr315083\.mcreator\gradle\caches\modules-2\files-2.1\org.lwjgl\lwjgl-openal\3.3.3\8e0615235116b9e4160dfe87bec90f5f6378bf72\lwjgl-openal-3.3.3-natives-windows-arm64.jar;C:\Users\gr315083\.mcreator\gradle\caches\modules-2\files-2.1\org.lwjgl\lwjgl-openal\3.3.3\87b8d5050e3adb46bb58fe1cb2669a4a48fce10d\lwjgl-openal-3.3.3-natives-windows-x86.jar;C:\Users\gr315083\.mcreator\gradle\caches\modules-2\files-2.1\org.lwjgl\lwjgl-opengl\3.3.3\2f6b0147078396a58979125a4c947664e98293a\lwjgl-opengl-3.3.3.jar;C:\Users\gr315083\.mcreator\gradle\caches\modules-2\files-2.1\org.lwjgl\lwjgl-opengl\3.3.3\e6c1eec8be8a71951b830a4d69efc01c6531900c\lwjgl-opengl-3.3.3-natives-windows.jar;C:\Users\gr315083\.mcreator\gradle\caches\modules-2\files-2.1\org.lwjgl\lwjgl-opengl\3.3.3\65e956d3735a1abdc82eff4baec1b61174697d4b\lwjgl-opengl-3.3.3-natives-windows-arm64.jar;C:\Users\gr315083\.mcreator\gradle\caches\modules-2\files-2.1\org.lwjgl\lwjgl-opengl\3.3.3\d32d833dcaa2f355a886eaf21f0408b5f03241d\lwjgl-opengl-3.3.3-natives-windows-x86.jar;C:\Users\gr315083\.mcreator\gradle\caches\modules-2\files-2.1\org.lwjgl\lwjgl-stb\3.3.3\25dd6161988d7e65f71d5065c99902402ee32746\lwjgl-stb-3.3.3.jar;C:\Users\gr315083\.mcreator\gradle\caches\modules-2\files-2.1\org.lwjgl\lwjgl-stb\3.3.3\1d9facdf6541de114b0f963be33505b7679c78cb\lwjgl-stb-3.3.3-natives-windows.jar;C:\Users\gr315083\.mcreator\gradle\caches\modules-2\files-2.1\org.lwjgl\lwjgl-stb\3.3.3\a584ab44de569708871f0a79561f4d8c37487f2c\lwjgl-stb-3.3.3-natives-windows-arm64.jar;C:\Users\gr315083\.mcreator\gradle\caches\modules-2\files-2.1\org.lwjgl\lwjgl-stb\3.3.3\b5c874687b9aac1a936501d4ed2c49567fd1b575\lwjgl-stb-3.3.3-natives-windows-x86.jar;C:\Users\gr315083\.mcreator\gradle\caches\modules-2\files-2.1\org.lwjgl\lwjgl-tinyfd\3.3.3\82d755ca94b102e9ca77283b9e2dc46d1b15fbe5\lwjgl-tinyfd-3.3.3.jar;C:\Users\gr315083\.mcreator\gradle\caches\modules-2\files-2.1\org.lwjgl\lwjgl-tinyfd\3.3.3\a6697981b0449a5087c1d546fc08b4f73e8f98c9\lwjgl-tinyfd-3.3.3-natives-windows.jar;C:\Users\gr315083\.mcreator\gradle\caches\modules-2\files-2.1\org.lwjgl\lwjgl-tinyfd\3.3.3\a88c494f3006eb91a7433b12a3a55a9a6c20788b\lwjgl-tinyfd-3.3.3-natives-windows-arm64.jar;C:\Users\gr315083\.mcreator\gradle\caches\modules-2\files-2.1\org.lwjgl\lwjgl-tinyfd\3.3.3\c336c84ee88cccb495c6ffa112395509e7378e8a\lwjgl-tinyfd-3.3.3-natives-windows-x86.jar;C:\Users\gr315083\.mcreator\gradle\caches\modules-2\files-2.1\org.lwjgl\lwjgl\3.3.3\29589b5f87ed335a6c7e7ee6a5775f81f97ecb84\lwjgl-3.3.3.jar;C:\Users\gr315083\.mcreator\gradle\caches\modules-2\files-2.1\org.lwjgl\lwjgl\3.3.3\a5ed18a2b82fc91b81f40d717cb1f64c9dcb0540\lwjgl-3.3.3-natives-windows.jar;C:\Users\gr315083\.mcreator\gradle\caches\modules-2\files-2.1\org.lwjgl\lwjgl\3.3.3\e9aca8c5479b520a2a7f0d542a118140e812c5e8\lwjgl-3.3.3-natives-windows-arm64.jar;C:\Users\gr315083\.mcreator\gradle\caches\modules-2\files-2.1\org.lwjgl\lwjgl\3.3.3\9e670718e050aeaeea0c2d5b907cffb142f2e58f\lwjgl-3.3.3-natives-windows-x86.jar;C:\Users\gr315083\.mcreator\gradle\caches\modules-2\files-2.1\org.lz4\lz4-java\1.8.0\4b986a99445e49ea5fbf5d149c4b63f6ed6c6780\lz4-java-1.8.0.jar
Launcher Type: SUN_STANDARD

[Global flags]
     intx CICompilerCount                          = 4                                         {product} {ergonomic}
     uint ConcGCThreads                            = 2                                         {product} {ergonomic}
     uint G1ConcRefinementThreads                  = 8                                         {product} {ergonomic}
   size_t G1HeapRegionSize                         = 2097152                                   {product} {ergonomic}
    uintx GCDrainStackTargetSize                   = 64                                        {product} {ergonomic}
   size_t InitialHeapSize                          = 249561088                                 {product} {ergonomic}
     bool ManagementServer                         = true                                      {product} {command line}
   size_t MarkStackSize                            = 4194304                                   {product} {ergonomic}
   size_t MaxHeapSize                              = 3967811584                                {product} {ergonomic}
   size_t MaxNewSize                               = 2380267520                                {product} {ergonomic}
   size_t MinHeapDeltaBytes                        = 2097152                                   {product} {ergonomic}
   size_t MinHeapSize                              = 8388608                                   {product} {ergonomic}
    uintx NonNMethodCodeHeapSize                   = 5839372                                {pd product} {ergonomic}
    uintx NonProfiledCodeHeapSize                  = 122909434                              {pd product} {ergonomic}
    uintx ProfiledCodeHeapSize                     = 122909434                              {pd product} {ergonomic}
    uintx ReservedCodeCacheSize                    = 251658240                              {pd product} {ergonomic}
     bool SegmentedCodeCache                       = true                                      {product} {ergonomic}
   size_t SoftMaxHeapSize                          = 3967811584                             {manageable} {ergonomic}
     bool UseCompressedOops                        = true                           {product lp64_product} {ergonomic}
     bool UseG1GC                                  = true                                      {product} {ergonomic}
     bool UseLargePagesIndividualAllocation        = false                                  {pd product} {ergonomic}

Logging:
Log output configuration:
 #0: stdout all=warning uptime,level,tags foldmultilines=false
 #1: stderr all=off uptime,level,tags foldmultilines=false

Release file:
JAVA_VERSION="21.0.10" 
MODULES="java.base java.datatransfer java.xml java.prefs java.desktop gluegen.rt java.compiler java.instrument java.logging java.management java.security.sasl java.naming java.rmi java.management.rmi java.net.http java.scripting java.security.jgss java.transaction.xa java.sql java.sql.rowset java.xml.crypto java.se java.smartcardio jogl.all jcef jdk.accessibility jdk.internal.jvmstat jdk.attach jdk.charsets jdk.internal.opt jdk.zipfs jdk.compiler jdk.crypto.ec jdk.crypto.cryptoki jdk.crypto.mscapi jdk.dynalink jdk.internal.ed jdk.editpad jdk.hotspot.agent jdk.httpserver jdk.incubator.vector jdk.internal.le jdk.internal.vm.ci jdk.internal.vm.compiler jdk.internal.vm.compiler.management jdk.jartool jdk.javadoc jdk.jcmd jdk.management jdk.management.agent jdk.jconsole jdk.jdeps jdk.jdwp.agent jdk.jdi jdk.jfr jdk.jlink jdk.jpackage jdk.jshell jdk.jsobject jdk.jstatd jdk.localedata jdk.management.jfr jdk.naming.dns jdk.naming.rmi jdk.net jdk.nio.mapmode jdk.random jdk.sctp jdk.security.auth jdk.security.jgss jdk.unsupported jdk.unsupported.desktop jdk.xml.dom" 
IMPLEMENTOR="JetBrains s.r.o." 
IMPLEMENTOR_VERSION="JBRSDK-21.0.10+1-1163.105-jcef" 
JAVA_RUNTIME_VERSION="21.0.10+1-b1163.105" 
LIBC="default" 
OS_ARCH="x86_64" 
OS_NAME="Windows" 
SOURCE=".:git:523c874eb177+ jcef_git:git:4a605f44671a" 
JCEF_VERSION="137.0.17.1107+ge397b56" 
JCEF_COMMIT_HASH="e397b569415d3c67b114495985454e5201955573" 

Environment Variables:
JAVA_HOME=C:\Softwares\MCreator\jdk
PATH=C:\Program Files (x86)\Common Files\Oracle\Java\java8path;C:\Program Files (x86)\Common Files\Oracle\Java\javapath;C:\Windows\system32;C:\Windows;C:\Windows\System32\Wbem;C:\Windows\System32\WindowsPowerShell\v1.0\;C:\Windows\System32\OpenSSH\;C:\Program Files\dotnet\;C:\Program Files\Git\cmd;C:\Windows\system32\config\systemprofile\AppData\Local\Muse Hub\lib;C:\Users\gr315083\AppData\Local\Microsoft\WindowsApps;C:\Users\gr315083\AppData\Local\Programs\Microsoft VS Code\bin;C:\Users\gr315083\AppData\Local\spicetify;C:\Users\gr315083\AppData\Local\Python\bin;C:\Users\gr315083\.dotnet\tools;C:\Users\gr315083\AppData\Local\Muse Hub\lib;C:\Softwares\MCreator\jdk\bin
USERNAME=gr315083
OS=Windows_NT
PROCESSOR_IDENTIFIER=AMD64 Family 25 Model 68 Stepping 1, AuthenticAMD
TMP=C:\Users\gr315083\AppData\Local\Temp
TEMP=C:\Users\gr315083\AppData\Local\Temp




Periodic native trim disabled

JNI global refs:
JNI global refs: 53, weak refs: 46

JNI global refs memory usage: 835, weak refs: 833

Process memory usage:
Resident Set Size: 5023000K (32% of 15497432K total physical memory with 706200K free physical memory)

OOME stack traces (most recent first):
Classloader memory used:
Loader cpw.mods.modlauncher.TransformingClassLoader                                    : 80291K
Loader cpw.mods.cl.ModuleClassLoader                                                   : 40221K
Loader bootstrap                                                                       : 14204K
Loader jdk.internal.loader.ClassLoaders$AppClassLoader                                 : 1714K
Loader jdk.internal.loader.ClassLoaders$PlatformClassLoader                            : 1349K
Loader jdk.internal.reflect.DelegatingClassLoader                                      : 62952B
Loader sun.reflect.misc.MethodUtil                                                     : 4248B

---------------  S Y S T E M  ---------------

OS:
 Windows 11 , 64 bit Build 26100 (10.0.26100.8246)
OS uptime: 2 days 15:26 hours
Hyper-V role detected

CPU: total 8 (initial active 8) (8 cores per cpu, 2 threads per core) family 25 model 68 stepping 1 microcode 0xa40410a, cx8, cmov, fxsr, ht, mmx, 3dnowpref, sse, sse2, sse3, ssse3, sse4a, sse4.1, sse4.2, popcnt, lzcnt, tsc, tscinvbit, avx, avx2, aes, erms, clmul, bmi1, bmi2, adx, sha, fma, vzeroupper, clflush, clflushopt, hv, rdtscp, rdpid, fsrm, f16c, cet_ss
Processor Information for the first 8 processors :
  Max Mhz: 3001, Current Mhz: 2500, Mhz Limit: 3001

Memory: 4k page, system-wide physical 15134M (693M free)
TotalPageFile size 30134M (AvailPageFile size 9M)
current process WorkingSet (physical memory assigned to process): 4901M, peak: 4913M
current process commit charge ("private bytes"): 5515M, peak: 5534M

vm_info: OpenJDK 64-Bit Server VM (21.0.10+1-b1163.105) for windows-amd64 JRE (21.0.10+1-b1163.105), built on 2026-02-03 by "builduser" with MS VC++ 16.10 / 16.11 (VS2019)

END.
